"type","path","size_bytes","size_kb","git_blob_sha","duplicate_group","duplicate_count","reference_summary"
"png","public/android-chrome-192x192.png","58420","57.1","ebebf534d7091a8469dd6762993dd33a9d242663","","1",""
"png","public/android-chrome-512x512.png","336968","329.1","75936cb9838ab6da761744e946ea68c87cfc7caa","","1",""
"png","public/apple-touch-icon.png","52063","50.8","4fcd5b0ffdc565b75c0439a04b34df5f8cf17373","","1",""
"mp3","public/confetti.mp3","49581","48.4","4352e569f9ca8081ab591b1b984748cf6d34edb5","D001","5","ACTIVE canonical shared confetti"
"png","public/favicon-16x16.png","874","0.9","876e841d4afb46783698566069b464ad6804b496","","1",""
"png","public/favicon-32x32.png","2566","2.5","3b609e0cb8c5ab24ee887097c369cbaf237f8bf3","","1",""
"png","public/games/maw/apple.png","42316","41.3","ad80898a84aab528ff914c9289a7182d3c9329f1","D002","2","No active top-level source reference found; Make-A-Word uses /games/maw/at and /games/maw/in subfolders"
"png","public/games/maw/ball.png","39581","38.7","31dc3e6bd5fe04c9d0c7a08940dde194df751606","D003","2","No active top-level source reference found; Make-A-Word uses /games/maw/at and /games/maw/in subfolders"
"png","public/games/maw/box.png","71030","69.4","df9dd2b671c542be85d2d96ffd210a72cd09cba1","D004","2","No active top-level source reference found; Make-A-Word uses /games/maw/at and /games/maw/in subfolders"
"png","public/games/maw/cat.png","260910","254.8","83be21ffb54dc4ee0e01f7c2357d92afc4185f02","D005","2","No active top-level source reference found; Make-A-Word uses /games/maw/at and /games/maw/in subfolders"
"mp3","public/games/maw/confetti.mp3","49581","48.4","4352e569f9ca8081ab591b1b984748cf6d34edb5","D001","5","No active source reference found; duplicate of /confetti.mp3"
"png","public/games/maw/dog.png","61010","59.6","e92f78a6df745438874fb444ec7eea42dbc34b46","D006","2","No active top-level source reference found; Make-A-Word uses /games/maw/at and /games/maw/in subfolders"
"png","public/games/maw/elephant.png","89805","87.7","3d561739f72a2b58312defab9d70f1b1a4c67227","D007","2","No active top-level source reference found; Make-A-Word uses /games/maw/at and /games/maw/in subfolders"
"png","public/games/maw/fish.png","77913","76.1","618e09e39cb48f5b3413e2f19d7a3bb8233b7d4c","D008","2","No active top-level source reference found; Make-A-Word uses /games/maw/at and /games/maw/in subfolders"
"png","public/games/maw/girl.png","111916","109.3","fa53f38e9b095097fc27efa5de6b794ca1a94225","D009","2","No active top-level source reference found; Make-A-Word uses /games/maw/at and /games/maw/in subfolders"
"png","public/games/maw/grape.png","94256","92.0","816ab876a1255c928f9e1518857fc20eb867928d","D010","2","No active top-level source reference found; Make-A-Word uses /games/maw/at and /games/maw/in subfolders"
"png","public/games/maw/hat.png","15760","15.4","1c2ac1f39addd6d0a1ab1cf64e2501321afc86f3","D011","2","No active top-level source reference found; Make-A-Word uses /games/maw/at and /games/maw/in subfolders"
"png","public/games/maw/headphones.png","238476","232.9","ba814e912c727757b64a2e0013f60ba452b4c9f8","D012","2","No active top-level source reference found; Make-A-Word uses /games/maw/at and /games/maw/in subfolders"
"png","public/games/maw/igloo.png","91959","89.8","05a9079c6738d4e5a17507f41ccbc92a4d38d939","D013","2","No active top-level source reference found; Make-A-Word uses /games/maw/at and /games/maw/in subfolders"
"png","public/games/maw/jug.png","91422","89.3","b5785390ea96b5fb8ce7b2f14b0f43d6e10301de","D014","2","No active top-level source reference found; Make-A-Word uses /games/maw/at and /games/maw/in subfolders"
"png","public/games/maw/juice.png","159742","156.0","2bde1443cf5c0701902297f306a3fb2bf75173bd","D015","2","No active top-level source reference found; Make-A-Word uses /games/maw/at and /games/maw/in subfolders"
"png","public/games/maw/kangaroo.png","73476","71.8","1c4a4be26018b942e2480e1dfda5f2cb2c9539fe","D016","2","No active top-level source reference found; Make-A-Word uses /games/maw/at and /games/maw/in subfolders"
"png","public/games/maw/kite.png","134661","131.5","e063a3cbc541ec3c2f9c0af6f3c3215f50eebb5e","D017","2","No active top-level source reference found; Make-A-Word uses /games/maw/at and /games/maw/in subfolders"
"png","public/games/maw/lion.png","133665","130.5","9f13d1bddcda593f75599906a9365dbaa096ec54","D018","2","No active top-level source reference found; Make-A-Word uses /games/maw/at and /games/maw/in subfolders"
"png","public/games/maw/monkey.png","119218","116.4","9987021d285ed89a09ec85055a3fa23d9af9524e","D019","2","No active top-level source reference found; Make-A-Word uses /games/maw/at and /games/maw/in subfolders"
"png","public/games/maw/nest.png","105403","102.9","c64856e15ef70fd2b37d014670d1446e4b31c265","D020","2","No active top-level source reference found; Make-A-Word uses /games/maw/at and /games/maw/in subfolders"
"png","public/games/maw/nextarrow.png","62139","60.7","7acf0a131e4fd391f8ddb7bf55aee6f8f8ea9fca","D021","2","No active top-level source reference found; Make-A-Word uses /games/maw/at and /games/maw/in subfolders"
"png","public/games/maw/nose.png","22040","21.5","fe04f0d90145bcb7359f5b7ac59829fc52596e3a","D022","2","No active top-level source reference found; Make-A-Word uses /games/maw/at and /games/maw/in subfolders"
"png","public/games/maw/octopus.png","47114","46.0","b52ca07372423cc1968255745c8ec641748698d5","D023","2","No active top-level source reference found; Make-A-Word uses /games/maw/at and /games/maw/in subfolders"
"png","public/games/maw/orange.png","208997","204.1","86565ceb36fa054d38ee628be04a9cc92147fe65","D024","2","No active top-level source reference found; Make-A-Word uses /games/maw/at and /games/maw/in subfolders"
"png","public/games/maw/pig.png","101489","99.1","8ef16dc71300ed583957ba82948a872db556edf6","D025","2","No active top-level source reference found; Make-A-Word uses /games/maw/at and /games/maw/in subfolders"
"png","public/games/maw/queen.png","154900","151.3","283b4e56f05e9e0741d4a80c56a47bf3ada1a47f","D026","2","No active top-level source reference found; Make-A-Word uses /games/maw/at and /games/maw/in subfolders"
"png","public/games/maw/ring.png","63461","62.0","972c783e8e35206126c159b2de96971fbea7053e","D027","2","No active top-level source reference found; Make-A-Word uses /games/maw/at and /games/maw/in subfolders"
"png","public/games/maw/sun.png","26187","25.6","dc305cef140a2b42b9a3ffdfbac889735bc26b2c","D028","2","No active top-level source reference found; Make-A-Word uses /games/maw/at and /games/maw/in subfolders"
"png","public/games/maw/tiger.png","124681","121.8","42a91053976d30479a9031359cc85db62a0c3f42","D029","2","No active top-level source reference found; Make-A-Word uses /games/maw/at and /games/maw/in subfolders"
"png","public/games/maw/train.png","33314","32.5","b136700a62e90e155c9f53b97dcfc6dd7307e631","D030","2","No active top-level source reference found; Make-A-Word uses /games/maw/at and /games/maw/in subfolders"
"png","public/games/maw/umbrella.png","48900","47.8","4b6bb7cb33ee2cdf79a1fba0092df21cf70f7412","D031","2","No active top-level source reference found; Make-A-Word uses /games/maw/at and /games/maw/in subfolders"
"png","public/games/maw/van.png","75511","73.7","2b40fa45ff17d931638751dde45c41204b0f6368","D032","2","No active top-level source reference found; Make-A-Word uses /games/maw/at and /games/maw/in subfolders"
"png","public/games/maw/watch.png","176896","172.8","69f44a1e9e2260c9ccc95aefb129949c280238d1","D033","2","No active top-level source reference found; Make-A-Word uses /games/maw/at and /games/maw/in subfolders"
"png","public/games/maw/whale.png","89052","87.0","ba682a6b272907bd8d0a3ee80e95cb6d2576f221","D034","2","No active top-level source reference found; Make-A-Word uses /games/maw/at and /games/maw/in subfolders"
"png","public/games/maw/xray.png","56226","54.9","1991ae651790e3cb1b52c0ef3dd15c505cea9de6","D035","2","No active top-level source reference found; Make-A-Word uses /games/maw/at and /games/maw/in subfolders"
"png","public/games/maw/yoyo.png","96945","94.7","0246b022efbd5ef3b13fc3ebb023bdbcc4b68f84","D036","2","No active top-level source reference found; Make-A-Word uses /games/maw/at and /games/maw/in subfolders"
"png","public/games/maw/zeebra.png","73716","72.0","80e850f02bdea243dbf500a9ea5de3533c496e92","D037","2","No active top-level source reference found; Make-A-Word uses /games/maw/at and /games/maw/in subfolders"
"png","public/games/maw/zoo.png","131469","128.4","2f00aacaacb6b318da0cd58d41eeb1d91a89732c","D038","2","No active top-level source reference found; Make-A-Word uses /games/maw/at and /games/maw/in subfolders"
"mp3","public/games/phonics/a.mp3","302400","295.3","d14c7c1d06c375bd6104616e2b1fcc2343d99da5","","1",""
"mp3","public/games/phonics/b.mp3","302400","295.3","4e6cdcdaba92bc8f460e012b50116c91d079cba3","","1",""
"mp3","public/games/phonics/balloon-pop/a.mp3","96960","94.7","58d942504b01745835c22fa2a57cf49ecc6171cf","D039","2","ACTIVE dynamic in KidsBalloonPop; migrated to shared A-Z path in phase 1"
"mp3","public/games/phonics/balloon-pop/b.mp3","124800","121.9","6b09acc362c204421995f7e01bd419e539063f2f","D040","2","ACTIVE dynamic in KidsBalloonPop; migrated to shared A-Z path in phase 1"
"mp3","public/games/phonics/balloon-pop/c.mp3","111360","108.8","e156bc742244c6c3f5b22e5b9f36564ae8512a89","D041","2","ACTIVE dynamic in KidsBalloonPop; migrated to shared A-Z path in phase 1"
"mp3","public/games/phonics/balloon-pop/confetti.mp3","49581","48.4","4352e569f9ca8081ab591b1b984748cf6d34edb5","D001","5","ACTIVE pre-phase1 in KidsBalloonPop; migrated to /confetti.mp3"
"mp3","public/games/phonics/balloon-pop/correct.mp3","59136","57.8","6918e2e1cf4ca7e78990b2f7c5caf4fee887ab25","","1",""
"mp3","public/games/phonics/balloon-pop/d.mp3","101760","99.4","6e76c50067b6d37cd91658c9f95e341d85e4c9ce","D042","2","ACTIVE dynamic in KidsBalloonPop; migrated to shared A-Z path in phase 1"
"mp3","public/games/phonics/balloon-pop/e.mp3","106560","104.1","ff06508d0649951d1a1628f7c60fc8a14f3d27f7","D043","2","ACTIVE dynamic in KidsBalloonPop; migrated to shared A-Z path in phase 1"
"mp3","public/games/phonics/balloon-pop/f.mp3","96960","94.7","3fcfbb1d0b67edc6edb833b47dff0a1064baab4b","D044","2","ACTIVE dynamic in KidsBalloonPop; migrated to shared A-Z path in phase 1"
"mp3","public/games/phonics/balloon-pop/g.mp3","90240","88.1","70e9e4d24e6d5618f0bab0400d3847e012feed70","D045","2","ACTIVE dynamic in KidsBalloonPop; migrated to shared A-Z path in phase 1"
"mp3","public/games/phonics/balloon-pop/h.mp3","100800","98.4","6416d48fa8d26f95cbdca398a31272a36fc9241f","D046","2","ACTIVE dynamic in KidsBalloonPop; migrated to shared A-Z path in phase 1"
"mp3","public/games/phonics/balloon-pop/i.mp3","99840","97.5","a7fe445d9e9620b33d4881dd3d43d92dad3b6862","D047","2","ACTIVE dynamic in KidsBalloonPop; migrated to shared A-Z path in phase 1"
"mp3","public/games/phonics/balloon-pop/j.mp3","86400","84.4","aba83a5479b80907e6c0fb22cb6014a4ab2b19f0","D048","2","ACTIVE dynamic in KidsBalloonPop; migrated to shared A-Z path in phase 1"
"mp3","public/games/phonics/balloon-pop/k.mp3","94080","91.9","210586f44f17ac4c79d7dc4245d04009924ea85b","D049","2","ACTIVE dynamic in KidsBalloonPop; migrated to shared A-Z path in phase 1"
"mp3","public/games/phonics/balloon-pop/l.mp3","93120","90.9","3440836f4411e24dadd32eefbdf6f0474f4c5f17","D050","2","ACTIVE dynamic in KidsBalloonPop; migrated to shared A-Z path in phase 1"
"mp3","public/games/phonics/balloon-pop/m.mp3","107520","105.0","f80605c02a10e14fceb702833286875f92fc4a08","D051","2","ACTIVE dynamic in KidsBalloonPop; migrated to shared A-Z path in phase 1"
"mp3","public/games/phonics/balloon-pop/n.mp3","105600","103.1","5ba0d7ed7eb339b2da3d3bc9419e762940a5f3c1","D052","2","ACTIVE dynamic in KidsBalloonPop; migrated to shared A-Z path in phase 1"
"mp3","public/games/phonics/balloon-pop/o.mp3","98880","96.6","2515a8ccd69e23a0868dba1e34c7ddb9448c8f10","D053","2","ACTIVE dynamic in KidsBalloonPop; migrated to shared A-Z path in phase 1"
"mp3","public/games/phonics/balloon-pop/p.mp3","97920","95.6","202d82a06a21d46a17f1c18fb265aa8508020700","D054","2","ACTIVE dynamic in KidsBalloonPop; migrated to shared A-Z path in phase 1"
"mp3","public/games/phonics/balloon-pop/pop.mp3","11520","11.3","b4d6db1d3c19c6c19b2148b3bab6281ca5bf4525","","1",""
"mp3","public/games/phonics/balloon-pop/q.mp3","95040","92.8","274fce20a98837e187f9c9d672bef89b1b7f2cfd","D055","2","ACTIVE dynamic in KidsBalloonPop; migrated to shared A-Z path in phase 1"
"mp3","public/games/phonics/balloon-pop/r.mp3","90240","88.1","2500f021967e7bae2367323af4da8366891679f1","D056","2","ACTIVE dynamic in KidsBalloonPop; migrated to shared A-Z path in phase 1"
"mp3","public/games/phonics/balloon-pop/s.mp3","84480","82.5","d548da9efa075b9bc4082b28232a95066b55306f","D057","2","ACTIVE dynamic in KidsBalloonPop; migrated to shared A-Z path in phase 1"
"mp3","public/games/phonics/balloon-pop/t.mp3","95040","92.8","da05f9dd4d7ab8ca6362e981cba211e3fe9e06a6","D058","2","ACTIVE dynamic in KidsBalloonPop; migrated to shared A-Z path in phase 1"
"mp3","public/games/phonics/balloon-pop/u.mp3","88320","86.3","8473f01e062946c3c2964c6e330a3a19b7d3d840","D059","2","ACTIVE dynamic in KidsBalloonPop; migrated to shared A-Z path in phase 1"
"mp3","public/games/phonics/balloon-pop/v.mp3","102720","100.3","f89b2b291e0e12564814c04b23c4c93112a2cc87","D060","2","ACTIVE dynamic in KidsBalloonPop; migrated to shared A-Z path in phase 1"
"mp3","public/games/phonics/balloon-pop/w.mp3","90240","88.1","8e1af0a0a94cd820dc240254007f913d990633e5","D061","2","ACTIVE dynamic in KidsBalloonPop; migrated to shared A-Z path in phase 1"
"mp3","public/games/phonics/balloon-pop/wrong.mp3","106161","103.7","b2c120cfa17536c3d1f7f6019a7e5bfe192cfa52","","1",""
"mp3","public/games/phonics/balloon-pop/x.mp3","95040","92.8","e3397775e5e060da9b9ce60e1b5144dd1bdbaa0c","D062","2","ACTIVE dynamic in KidsBalloonPop; migrated to shared A-Z path in phase 1"
"mp3","public/games/phonics/balloon-pop/y.mp3","90240","88.1","bdc00264c30a70e8efce6b74c91b8f8adf2ec4ca","D063","2","ACTIVE dynamic in KidsBalloonPop; migrated to shared A-Z path in phase 1"
"mp3","public/games/phonics/balloon-pop/z.mp3","102720","100.3","95f9d46a075fcd72c36acc330d12c72878cb1206","D064","2","ACTIVE dynamic in KidsBalloonPop; migrated to shared A-Z path in phase 1"
"mp3","public/games/phonics/c.mp3","286080","279.4","4f738e1e0e479248ba10a65e786fe062e8245a39","","1",""
"mp3","public/games/phonics/d.mp3","288000","281.3","2cb6fa068e13170a70821231a04cb29582521a45","","1",""
"mp3","public/games/phonics/e.mp3","295680","288.8","8952d21245a886236e5e2b647df24ca3e91c31d8","","1",""
"mp3","public/games/phonics/f.mp3","288000","281.3","20c600596e8bb4f374943d5c902509eb259291cb","","1",""
"mp3","public/games/phonics/g.mp3","293760","286.9","30a3dbd29b801b78f708d9a8d9dc1670ba814c1c","","1",""
"mp3","public/games/phonics/h.mp3","289920","283.1","e0496ec82414d849e8fa58730f3c51db0ce8f1f8","","1",""
"mp3","public/games/phonics/i.mp3","298560","291.6","4129f2d9e784b05822313f315fd17bb0640297fe","","1",""
"mp3","public/games/phonics/j.mp3","297600","290.6","fe8e5b40227ffd59fff1430040af99ccd5a256e7","","1",""
"mp3","public/games/phonics/k.mp3","306240","299.1","17fcae17e74ffbc40022dd039e257ffca50ba941","","1",""
"mp3","public/games/phonics/l.mp3","328320","320.6","36cef0214f25009a8d3acc5a73e6c197da2040d9","","1",""
"mp3","public/games/phonics/letter-sound-match/a.mp3","96960","94.7","58d942504b01745835c22fa2a57cf49ecc6171cf","D039","2","ACTIVE dynamic in KidsPhonicsMission; migrated to shared A-Z path in phase 1"
"mp3","public/games/phonics/letter-sound-match/b.mp3","124800","121.9","6b09acc362c204421995f7e01bd419e539063f2f","D040","2","ACTIVE dynamic in KidsPhonicsMission; migrated to shared A-Z path in phase 1"
"png","public/games/phonics/letter-sound-match/bg.png","1163677","1136.4","2e19e72a47de8244339df7c0a54db2c4f22d55f4","","1",""
"mp3","public/games/phonics/letter-sound-match/c.mp3","111360","108.8","e156bc742244c6c3f5b22e5b9f36564ae8512a89","D041","2","ACTIVE dynamic in KidsPhonicsMission; migrated to shared A-Z path in phase 1"
"mp3","public/games/phonics/letter-sound-match/confetti.mp3","49581","48.4","4352e569f9ca8081ab591b1b984748cf6d34edb5","D001","5","No active source reference found; duplicate of /confetti.mp3"
"mp3","public/games/phonics/letter-sound-match/d.mp3","101760","99.4","6e76c50067b6d37cd91658c9f95e341d85e4c9ce","D042","2","ACTIVE dynamic in KidsPhonicsMission; migrated to shared A-Z path in phase 1"
"mp3","public/games/phonics/letter-sound-match/e.mp3","106560","104.1","ff06508d0649951d1a1628f7c60fc8a14f3d27f7","D043","2","ACTIVE dynamic in KidsPhonicsMission; migrated to shared A-Z path in phase 1"
"mp3","public/games/phonics/letter-sound-match/f.mp3","96960","94.7","3fcfbb1d0b67edc6edb833b47dff0a1064baab4b","D044","2","ACTIVE dynamic in KidsPhonicsMission; migrated to shared A-Z path in phase 1"
"mp3","public/games/phonics/letter-sound-match/g.mp3","90240","88.1","70e9e4d24e6d5618f0bab0400d3847e012feed70","D045","2","ACTIVE dynamic in KidsPhonicsMission; migrated to shared A-Z path in phase 1"
"mp3","public/games/phonics/letter-sound-match/h.mp3","100800","98.4","6416d48fa8d26f95cbdca398a31272a36fc9241f","D046","2","ACTIVE dynamic in KidsPhonicsMission; migrated to shared A-Z path in phase 1"
"mp3","public/games/phonics/letter-sound-match/i.mp3","99840","97.5","a7fe445d9e9620b33d4881dd3d43d92dad3b6862","D047","2","ACTIVE dynamic in KidsPhonicsMission; migrated to shared A-Z path in phase 1"
"mp3","public/games/phonics/letter-sound-match/j.mp3","86400","84.4","aba83a5479b80907e6c0fb22cb6014a4ab2b19f0","D048","2","ACTIVE dynamic in KidsPhonicsMission; migrated to shared A-Z path in phase 1"
"mp3","public/games/phonics/letter-sound-match/k.mp3","94080","91.9","210586f44f17ac4c79d7dc4245d04009924ea85b","D049","2","ACTIVE dynamic in KidsPhonicsMission; migrated to shared A-Z path in phase 1"
"mp3","public/games/phonics/letter-sound-match/l.mp3","93120","90.9","3440836f4411e24dadd32eefbdf6f0474f4c5f17","D050","2","ACTIVE dynamic in KidsPhonicsMission; migrated to shared A-Z path in phase 1"
"png","public/games/phonics/letter-sound-match/listen.png","135818","132.6","89beb95766bd32aeb4da5a2ef7ebadf101e3334d","","1",""
"mp3","public/games/phonics/letter-sound-match/m.mp3","107520","105.0","f80605c02a10e14fceb702833286875f92fc4a08","D051","2","ACTIVE dynamic in KidsPhonicsMission; migrated to shared A-Z path in phase 1"
"mp3","public/games/phonics/letter-sound-match/n.mp3","105600","103.1","5ba0d7ed7eb339b2da3d3bc9419e762940a5f3c1","D052","2","ACTIVE dynamic in KidsPhonicsMission; migrated to shared A-Z path in phase 1"
"mp3","public/games/phonics/letter-sound-match/o.mp3","98880","96.6","2515a8ccd69e23a0868dba1e34c7ddb9448c8f10","D053","2","ACTIVE dynamic in KidsPhonicsMission; migrated to shared A-Z path in phase 1"
"mp3","public/games/phonics/letter-sound-match/p.mp3","97920","95.6","202d82a06a21d46a17f1c18fb265aa8508020700","D054","2","ACTIVE dynamic in KidsPhonicsMission; migrated to shared A-Z path in phase 1"
"mp3","public/games/phonics/letter-sound-match/q.mp3","95040","92.8","274fce20a98837e187f9c9d672bef89b1b7f2cfd","D055","2","ACTIVE dynamic in KidsPhonicsMission; migrated to shared A-Z path in phase 1"
"mp3","public/games/phonics/letter-sound-match/r.mp3","90240","88.1","2500f021967e7bae2367323af4da8366891679f1","D056","2","ACTIVE dynamic in KidsPhonicsMission; migrated to shared A-Z path in phase 1"
"mp3","public/games/phonics/letter-sound-match/s.mp3","84480","82.5","d548da9efa075b9bc4082b28232a95066b55306f","D057","2","ACTIVE dynamic in KidsPhonicsMission; migrated to shared A-Z path in phase 1"
"mp3","public/games/phonics/letter-sound-match/t.mp3","95040","92.8","da05f9dd4d7ab8ca6362e981cba211e3fe9e06a6","D058","2","ACTIVE dynamic in KidsPhonicsMission; migrated to shared A-Z path in phase 1"
"mp3","public/games/phonics/letter-sound-match/u.mp3","88320","86.3","8473f01e062946c3c2964c6e330a3a19b7d3d840","D059","2","ACTIVE dynamic in KidsPhonicsMission; migrated to shared A-Z path in phase 1"
"mp3","public/games/phonics/letter-sound-match/v.mp3","102720","100.3","f89b2b291e0e12564814c04b23c4c93112a2cc87","D060","2","ACTIVE dynamic in KidsPhonicsMission; migrated to shared A-Z path in phase 1"
"mp3","public/games/phonics/letter-sound-match/w.mp3","90240","88.1","8e1af0a0a94cd820dc240254007f913d990633e5","D061","2","ACTIVE dynamic in KidsPhonicsMission; migrated to shared A-Z path in phase 1"
"mp3","public/games/phonics/letter-sound-match/x.mp3","95040","92.8","e3397775e5e060da9b9ce60e1b5144dd1bdbaa0c","D062","2","ACTIVE dynamic in KidsPhonicsMission; migrated to shared A-Z path in phase 1"
"mp3","public/games/phonics/letter-sound-match/y.mp3","90240","88.1","bdc00264c30a70e8efce6b74c91b8f8adf2ec4ca","D063","2","ACTIVE dynamic in KidsPhonicsMission; migrated to shared A-Z path in phase 1"
"mp3","public/games/phonics/letter-sound-match/z.mp3","102720","100.3","95f9d46a075fcd72c36acc330d12c72878cb1206","D064","2","ACTIVE dynamic in KidsPhonicsMission; migrated to shared A-Z path in phase 1"
"mp3","public/games/phonics/m.mp3","305280","298.1","8d8480f6022732570503c160f5a8566c902b04a1","","1",""
"mp3","public/games/phonics/my-first-words/at-initial.mp3","84480","82.5","9abff1272933d3c5abaa0c5a110303069f5f0546","","1",""
"mp3","public/games/phonics/my-first-words/at-sound.mp3","48000","46.9","9b5cdf20c24dd96744412f3a5cf9f301cb2187b0","","1",""
"png","public/games/phonics/my-first-words/bubble-left.png","80983","79.1","26609b1864bfcf47b09f161dc9ee647d55261147","","1",""
"png","public/games/phonics/my-first-words/bubble-merged.png","82628","80.7","9c1e3ec4dbe922bc953c7edc059e145f350f8e1e","","1",""
"png","public/games/phonics/my-first-words/bubble-right.png","82144","80.2","be290555a8c8b9402c9885ce8316b365e993a28c","","1",""
"mp3","public/games/phonics/my-first-words/long-a-sound.mp3","49920","48.8","9721c9bc5c38f4c83edc98600a5901ba3c59904f","","1",""
"mp3","public/games/phonics/n.mp3","311040","303.8","414793be5cc2b56d708b99c6b84145e755d95dba","","1",""
"mp3","public/games/phonics/o.mp3","316800","309.4","33169282ac06615802daf488d2bca53ca219f239","","1",""
"mp3","public/games/phonics/p.mp3","303360","296.3","c2301e6287c5449dc84202a680c0fd9373875a25","","1",""
"mp3","public/games/phonics/q.mp3","309120","301.9","299bc541ca4c30de7297ce0d440f5a4992c274e1","","1",""
"mp3","public/games/phonics/r.mp3","303360","296.3","ec283077e5efa652bf6855e6c8a7218575626f0f","","1",""
"mp3","public/games/phonics/s.mp3","306240","299.1","ad6d704db548ad6335a88433380ca2f437a7899d","","1",""
"mp3","public/games/phonics/sound-detective/a.mp3","213120","208.1","a68a0719548ce9809d87da99bb7580c9759f3ad1","","1",""
"png","public/games/phonics/sound-detective/apple.png","42316","41.3","ad80898a84aab528ff914c9289a7182d3c9329f1","D002","2","ACTIVE sound-detective/tracing asset directory; retained as canonical"
"mp3","public/games/phonics/sound-detective/b.mp3","204480","199.7","0944d148194770db2f27c4c65adfa1f14b557fbc","","1",""
"png","public/games/phonics/sound-detective/ball.png","39581","38.7","31dc3e6bd5fe04c9d0c7a08940dde194df751606","D003","2","ACTIVE sound-detective/tracing asset directory; retained as canonical"
"png","public/games/phonics/sound-detective/box.png","71030","69.4","df9dd2b671c542be85d2d96ffd210a72cd09cba1","D004","2","ACTIVE sound-detective/tracing asset directory; retained as canonical"
"mp3","public/games/phonics/sound-detective/c.mp3","195840","191.3","4fed89c41d83a0419510d12a5ab18ef2c3d244bd","","1",""
"png","public/games/phonics/sound-detective/cat.png","260910","254.8","83be21ffb54dc4ee0e01f7c2357d92afc4185f02","D005","2","ACTIVE sound-detective/tracing asset directory; retained as canonical"
"mp3","public/games/phonics/sound-detective/confetti.mp3","49581","48.4","4352e569f9ca8081ab591b1b984748cf6d34edb5","D001","5","No active source reference found; duplicate of /confetti.mp3"
"mp3","public/games/phonics/sound-detective/d.mp3","195840","191.3","86b9418aa6bb56cd04a290eb979186c09bef036e","","1",""
"png","public/games/phonics/sound-detective/dog.png","61010","59.6","e92f78a6df745438874fb444ec7eea42dbc34b46","D006","2","ACTIVE sound-detective/tracing asset directory; retained as canonical"
"mp3","public/games/phonics/sound-detective/e.mp3","206400","201.6","1ae0477d0a3d34845ddf2a2c490f2c9e08771437","","1",""
"png","public/games/phonics/sound-detective/elephant.png","89805","87.7","3d561739f72a2b58312defab9d70f1b1a4c67227","D007","2","ACTIVE sound-detective/tracing asset directory; retained as canonical"
"mp3","public/games/phonics/sound-detective/f.mp3","202560","197.8","f005a0d90382524b888e5827471cbd43c42b9cd9","","1",""
"png","public/games/phonics/sound-detective/fish.png","77913","76.1","618e09e39cb48f5b3413e2f19d7a3bb8233b7d4c","D008","2","ACTIVE sound-detective/tracing asset directory; retained as canonical"
"mp3","public/games/phonics/sound-detective/g.mp3","200640","195.9","a99c1c071d964aed5e218dd1183dbdb24f234f85","","1",""
"png","public/games/phonics/sound-detective/girl.png","111916","109.3","fa53f38e9b095097fc27efa5de6b794ca1a94225","D009","2","ACTIVE sound-detective/tracing asset directory; retained as canonical"
"png","public/games/phonics/sound-detective/grape.png","94256","92.0","816ab876a1255c928f9e1518857fc20eb867928d","D010","2","ACTIVE sound-detective/tracing asset directory; retained as canonical"
"mp3","public/games/phonics/sound-detective/h.mp3","193920","189.4","9c36067a33d7bd2f4acb765372ec26eccb42a5ff","","1",""
"png","public/games/phonics/sound-detective/hat.png","15760","15.4","1c2ac1f39addd6d0a1ab1cf64e2501321afc86f3","D011","2","ACTIVE sound-detective/tracing asset directory; retained as canonical"
"png","public/games/phonics/sound-detective/headphones.png","238476","232.9","ba814e912c727757b64a2e0013f60ba452b4c9f8","D012","2","ACTIVE sound-detective/tracing asset directory; retained as canonical"
"mp3","public/games/phonics/sound-detective/i.mp3","201600","196.9","5b250ea636791852e97d89950a68c635dd167131","","1",""
"png","public/games/phonics/sound-detective/igloo.png","91959","89.8","05a9079c6738d4e5a17507f41ccbc92a4d38d939","D013","2","ACTIVE sound-detective/tracing asset directory; retained as canonical"
"mp3","public/games/phonics/sound-detective/j.mp3","207360","202.5","2b8d39b9097501706c7455aee48a7dfa9c375187","","1",""
"png","public/games/phonics/sound-detective/jug.png","91422","89.3","b5785390ea96b5fb8ce7b2f14b0f43d6e10301de","D014","2","ACTIVE sound-detective/tracing asset directory; retained as canonical"
"png","public/games/phonics/sound-detective/juice.png","159742","156.0","2bde1443cf5c0701902297f306a3fb2bf75173bd","D015","2","ACTIVE sound-detective/tracing asset directory; retained as canonical"
"mp3","public/games/phonics/sound-detective/k.mp3","212160","207.2","4835cc7ac5b1f93ae42a1d5821e403612b539ec0","","1",""
"png","public/games/phonics/sound-detective/kangaroo.png","73476","71.8","1c4a4be26018b942e2480e1dfda5f2cb2c9539fe","D016","2","ACTIVE sound-detective/tracing asset directory; retained as canonical"
"png","public/games/phonics/sound-detective/kite.png","134661","131.5","e063a3cbc541ec3c2f9c0af6f3c3215f50eebb5e","D017","2","ACTIVE sound-detective/tracing asset directory; retained as canonical"
"mp3","public/games/phonics/sound-detective/l.mp3","207360","202.5","492bd802b88b53fe7826696a67589ec59e128df5","","1",""
"png","public/games/phonics/sound-detective/lion.png","133665","130.5","9f13d1bddcda593f75599906a9365dbaa096ec54","D018","2","ACTIVE sound-detective/tracing asset directory; retained as canonical"
"mp3","public/games/phonics/sound-detective/m.mp3","206400","201.6","0790944a090cc715b520ab15e061673202931414","","1",""
"png","public/games/phonics/sound-detective/monkey.png","119218","116.4","9987021d285ed89a09ec85055a3fa23d9af9524e","D019","2","ACTIVE sound-detective/tracing asset directory; retained as canonical"
"mp3","public/games/phonics/sound-detective/n.mp3","204480","199.7","01275e4f7c22bec5bcf2cf56ccb202ba64b65f74","","1",""
"png","public/games/phonics/sound-detective/nest.png","105403","102.9","c64856e15ef70fd2b37d014670d1446e4b31c265","D020","2","ACTIVE sound-detective/tracing asset directory; retained as canonical"
"png","public/games/phonics/sound-detective/nextarrow.png","62139","60.7","7acf0a131e4fd391f8ddb7bf55aee6f8f8ea9fca","D021","2","ACTIVE sound-detective/tracing asset directory; retained as canonical"
"png","public/games/phonics/sound-detective/nose.png","22040","21.5","fe04f0d90145bcb7359f5b7ac59829fc52596e3a","D022","2","ACTIVE sound-detective/tracing asset directory; retained as canonical"
"mp3","public/games/phonics/sound-detective/o.mp3","211200","206.3","94a7294eb5a28b7aa151540289e6efe192c3d1c1","","1",""
"png","public/games/phonics/sound-detective/octopus.png","47114","46.0","b52ca07372423cc1968255745c8ec641748698d5","D023","2","ACTIVE sound-detective/tracing asset directory; retained as canonical"
"png","public/games/phonics/sound-detective/orange.png","208997","204.1","86565ceb36fa054d38ee628be04a9cc92147fe65","D024","2","ACTIVE sound-detective/tracing asset directory; retained as canonical"
"mp3","public/games/phonics/sound-detective/p.mp3","204480","199.7","982a85818ca724d538fa00bf2968a505a77ce396","","1",""
"png","public/games/phonics/sound-detective/pig.png","101489","99.1","8ef16dc71300ed583957ba82948a872db556edf6","D025","2","ACTIVE sound-detective/tracing asset directory; retained as canonical"
"mp3","public/games/phonics/sound-detective/q.mp3","207360","202.5","54959010223829eaefeb45c4ca96e1705fa3141e","","1",""
"png","public/games/phonics/sound-detective/queen.png","154900","151.3","283b4e56f05e9e0741d4a80c56a47bf3ada1a47f","D026","2","ACTIVE sound-detective/tracing asset directory; retained as canonical"
"mp3","public/games/phonics/sound-detective/r.mp3","206400","201.6","05b67ef878d6cdc3f5b43ab7d29396deed57fd22","","1",""
"png","public/games/phonics/sound-detective/ring.png","63461","62.0","972c783e8e35206126c159b2de96971fbea7053e","D027","2","ACTIVE sound-detective/tracing asset directory; retained as canonical"
"mp3","public/games/phonics/sound-detective/s.mp3","203520","198.8","4e44a1b22672dd52660ba5dce0feabeb99ddb638","","1",""
"png","public/games/phonics/sound-detective/sun.png","26187","25.6","dc305cef140a2b42b9a3ffdfbac889735bc26b2c","D028","2","ACTIVE sound-detective/tracing asset directory; retained as canonical"
"mp3","public/games/phonics/sound-detective/t.mp3","210240","205.3","64b9a5d7c92795b609e334b1743cb16074136b88","","1",""
"png","public/games/phonics/sound-detective/tiger.png","124681","121.8","42a91053976d30479a9031359cc85db62a0c3f42","D029","2","ACTIVE sound-detective/tracing asset directory; retained as canonical"
"png","public/games/phonics/sound-detective/train.png","33314","32.5","b136700a62e90e155c9f53b97dcfc6dd7307e631","D030","2","ACTIVE sound-detective/tracing asset directory; retained as canonical"
"mp3","public/games/phonics/sound-detective/u.mp3","200640","195.9","80b912839350f5a86a3a37bc7b5fc2b50134ba9d","","1",""
"png","public/games/phonics/sound-detective/umbrella.png","48900","47.8","4b6bb7cb33ee2cdf79a1fba0092df21cf70f7412","D031","2","ACTIVE sound-detective/tracing asset directory; retained as canonical"
"mp3","public/games/phonics/sound-detective/v.mp3","202560","197.8","bc6ea0489d25d80d6e80c9dfa29ec76e2ef108de","","1",""
"png","public/games/phonics/sound-detective/van.png","75511","73.7","2b40fa45ff17d931638751dde45c41204b0f6368","D032","2","ACTIVE sound-detective/tracing asset directory; retained as canonical"
"mp3","public/games/phonics/sound-detective/w.mp3","205440","200.6","5ffc3281bb1b73920f11bace3d8e9f0f189b2265","","1",""
"png","public/games/phonics/sound-detective/watch.png","176896","172.8","69f44a1e9e2260c9ccc95aefb129949c280238d1","D033","2","ACTIVE sound-detective/tracing asset directory; retained as canonical"
"png","public/games/phonics/sound-detective/whale.png","89052","87.0","ba682a6b272907bd8d0a3ee80e95cb6d2576f221","D034","2","ACTIVE sound-detective/tracing asset directory; retained as canonical"
"mp3","public/games/phonics/sound-detective/x.mp3","204480","199.7","ba0dc70eac67ad621c8fc26a188e36f1eb9224fc","","1",""
"png","public/games/phonics/sound-detective/xray.png","56226","54.9","1991ae651790e3cb1b52c0ef3dd15c505cea9de6","D035","2","ACTIVE sound-detective/tracing asset directory; retained as canonical"
"mp3","public/games/phonics/sound-detective/y.mp3","207360","202.5","6330c0227eb3465497a04b3bc9e2c79fd547903b","","1",""
"png","public/games/phonics/sound-detective/yoyo.png","96945","94.7","0246b022efbd5ef3b13fc3ebb023bdbcc4b68f84","D036","2","ACTIVE sound-detective/tracing asset directory; retained as canonical"
"mp3","public/games/phonics/sound-detective/z.mp3","201600","196.9","d15f8b67c98e44db228b7668f64c2ac1d5c8b1ba","","1",""
"png","public/games/phonics/sound-detective/zeebra.png","73716","72.0","80e850f02bdea243dbf500a9ea5de3533c496e92","D037","2","ACTIVE sound-detective/tracing asset directory; retained as canonical"
"png","public/games/phonics/sound-detective/zoo.png","131469","128.4","2f00aacaacb6b318da0cd58d41eeb1d91a89732c","D038","2","ACTIVE sound-detective/tracing asset directory; retained as canonical"
"mp3","public/games/phonics/t.mp3","298560","291.6","cfce9f8a7e3f3c8e121d1714ffdbc14fba82e311","","1",""
"mp3","public/games/phonics/u.mp3","301440","294.4","1564942eb1c6a1c96fbfaced4fc78b2f82d58cb7","","1",""
"mp3","public/games/phonics/v.mp3","308160","300.9","d93d4771eecd7411a6a6609ea4165ed3d4bcd10d","","1",""
"mp3","public/games/phonics/w.mp3","305280","298.1","163aa0a5990fda8162ee1ebf016ef149e04eab7e","","1",""
"mp3","public/games/phonics/x.mp3","307200","300.0","8c323ecb4d6142be61936288bb54ccfdefdaf373","","1",""
"mp3","public/games/phonics/y.mp3","304320","297.2","471d96fad13843926eb933217f5272ac3e1acc76","","1",""
"mp3","public/games/phonics/z.mp3","305280","298.1","04ef2571adc6a5c0a995234895474cd27f9b0e90","","1",""
"png","public/legacy logo-header-compact.png","15382","15.0","8e38759a86eabf48a56b77933cbb679edc4e64e2","","1",""
"png","public/logo-footer-compact.png","15501","15.1","b00455aaec8dd42f3022516dc07dc937ebbd1762","","1",""
"png","public/logo-header-compact.png","4957","4.8","01676c16561419913e589bc31128820572336ca7","","1",""
"png","public/og-parents.png","622","0.6","4b2b73d9638b3df04382575c6b575fb4e0dc30fa","","1",""
"png","public/seasonal/christmas/1.PNG","207229","202.4","a520b5f0bfad08a0483b7eea11b57edced83e9bf","D065","2","ACTIVE dynamic Christmas decoration; duplicate IDs remapped in phase 1"
"png","public/seasonal/christmas/10.PNG","229241","223.9","e7a278e6ad8ca34f39186493e67fdb0993ce161d","D066","2","ACTIVE dynamic Christmas decoration; duplicate IDs remapped in phase 1"
"png","public/seasonal/christmas/11.PNG","226330","221.0","ddf430bb1f82341bd2719f61f390508a9ff461fd","D067","2","ACTIVE dynamic Christmas decoration; duplicate IDs remapped in phase 1"
"png","public/seasonal/christmas/12.PNG","207229","202.4","a520b5f0bfad08a0483b7eea11b57edced83e9bf","D065","2","ACTIVE dynamic Christmas decoration; duplicate IDs remapped in phase 1"
"png","public/seasonal/christmas/13.PNG","163622","159.8","1b009af3f7dec8b9a482dbb8be56c7cb05d31238","D068","2","ACTIVE dynamic Christmas decoration; duplicate IDs remapped in phase 1"
"png","public/seasonal/christmas/14.PNG","229241","223.9","e7a278e6ad8ca34f39186493e67fdb0993ce161d","D066","2","ACTIVE dynamic Christmas decoration; duplicate IDs remapped in phase 1"
"png","public/seasonal/christmas/15.PNG","279954","273.4","e63cc4f5b242099eb0b3f00746b03a0a15317c52","D069","2","ACTIVE dynamic Christmas decoration; duplicate IDs remapped in phase 1"
"png","public/seasonal/christmas/16.PNG","256208","250.2","70a2589751b7a613ff622f548227f9bca161637b","D070","2","ACTIVE dynamic Christmas decoration; duplicate IDs remapped in phase 1"
"png","public/seasonal/christmas/2.PNG","101994","99.6","990601f34fe7ca38d9d7f7bf7443a9569d4d25bd","","1",""
"png","public/seasonal/christmas/3.PNG","163622","159.8","1b009af3f7dec8b9a482dbb8be56c7cb05d31238","D068","2","ACTIVE dynamic Christmas decoration; duplicate IDs remapped in phase 1"
"png","public/seasonal/christmas/4.PNG","194097","189.5","c204fc9fe4ad5c77d8d5bc7e00bd3a6d4ee4fd79","D071","2","ACTIVE dynamic Christmas decoration; duplicate IDs remapped in phase 1"
"png","public/seasonal/christmas/5.PNG","194097","189.5","c204fc9fe4ad5c77d8d5bc7e00bd3a6d4ee4fd79","D071","2","ACTIVE dynamic Christmas decoration; duplicate IDs remapped in phase 1"
"png","public/seasonal/christmas/6.PNG","304631","297.5","fbc94e38b888901cc3cee7ff2fdad7c47421fcd7","","1",""
"png","public/seasonal/christmas/7.PNG","256208","250.2","70a2589751b7a613ff622f548227f9bca161637b","D070","2","ACTIVE dynamic Christmas decoration; duplicate IDs remapped in phase 1"
"png","public/seasonal/christmas/8.PNG","279954","273.4","e63cc4f5b242099eb0b3f00746b03a0a15317c52","D069","2","ACTIVE dynamic Christmas decoration; duplicate IDs remapped in phase 1"
"png","public/seasonal/christmas/9.PNG","226330","221.0","ddf430bb1f82341bd2719f61f390508a9ff461fd","D067","2","ACTIVE dynamic Christmas decoration; duplicate IDs remapped in phase 1"
"mp3","public/seasonal/christmas/jinglebells.mp3","1115115","1089.0","83a10d6571c6c2062d88c6eb43c924de8345edd8","","1",""
"png","public/seasonal/christmas/tree.png","675135","659.3","98b2291df1562d17d6cb4a7b763752c794162b26","","1",""
"png","public/star.png","131456","128.4","aa1581640766e13c2c7f6070a7d35b63a6465edc","","1",""
"mp3","public/tracing.mp3","193107","188.6","e531626012aa01b341524f5511547634d5b0e6b1","","1",""
