sitemapSourceFile,url,httpStatus,canonicalUrl,robotsMetaIndexability,title,h1,contentLengthOrWordCount,finalClassification,recommendedAction
sitemap-static.xml,https://tinystepslearning.com/,200,https://tinystepslearning.com/,"index, follow, max-snippet:-1, max-image-preview:large, max-video-preview:-1","Online Phonics, Grammar &amp; Public Speaking Classes for Kids | Tiny Steps Learning","Gentle, high-impact English foundations",45169 bytes / 582 words,200 indexable canonical page,Keep; monitor indexation and crawl stats.
sitemap-static.xml,https://tinystepslearning.com/blog,200,https://tinystepslearning.com/blog,"index, follow, max-snippet:-1, max-image-preview:large, max-video-preview:-1",Blog | Tiny Steps Learning,"Find the right phonics, grammar, and speaking help in minutes",105938 bytes / 2076 words,200 indexable canonical page,Keep; monitor indexation and crawl stats.
sitemap-static.xml,https://tinystepslearning.com/pricing,200,https://tinystepslearning.com/pricing,"index, follow, max-snippet:-1, max-image-preview:large, max-video-preview:-1",Pricing &amp; Plans | Tiny Steps Learning,Pricing that mirrors your child’s curriculum,40638 bytes / 827 words,200 indexable canonical page,Keep; monitor indexation and crawl stats.
sitemap-static.xml,https://tinystepslearning.com/sitemap,200,https://tinystepslearning.com/sitemap,"index, follow, max-snippet:-1, max-image-preview:large, max-video-preview:-1",Sitemap | Tiny Steps Learning,"Tiny Steps public pages, programs, and crawl feeds",31421 bytes / 332 words,200 indexable canonical page; orphan / weakly linked page,Add internal links from nav/footer/hubs and related sections.
sitemap-static.xml,https://tinystepslearning.com/contact,200,https://tinystepslearning.com/contact,"index, follow, max-snippet:-1, max-image-preview:large, max-video-preview:-1",Contact Us | Tiny Steps Learning,,15040 bytes / 68 words,suspected soft-404 / thin page,"Improve content depth + clear H1, or remove/noindex if utility-only."
sitemap-static.xml,https://tinystepslearning.com/why-tiny-steps,200,https://tinystepslearning.com/why-tiny-steps,"index, follow, max-snippet:-1, max-image-preview:large, max-video-preview:-1",Why Choose Tiny Steps Learning | Online English Classes for Kids,"Premium English learning built on phonics, grammar, and confidence",66752 bytes / 1143 words,200 indexable canonical page,Keep; monitor indexation and crawl stats.
sitemap-static.xml,https://tinystepslearning.com/learning-partner,200,https://tinystepslearning.com/learning-partner,"index, follow, max-snippet:-1, max-image-preview:large, max-video-preview:-1",Learning Partner Support | Tiny Steps Learning,A single point of support for every family,19964 bytes / 288 words,200 indexable canonical page,Keep; monitor indexation and crawl stats.
sitemap-static.xml,https://tinystepslearning.com/team,200,https://tinystepslearning.com/team,"index, follow, max-snippet:-1, max-image-preview:large, max-video-preview:-1",Meet the Team | Tiny Steps Learning,Meet the Team,43609 bytes / 664 words,200 indexable canonical page; orphan / weakly linked page,Add internal links from nav/footer/hubs and related sections.
sitemap-static.xml,https://tinystepslearning.com/class-samples,200,https://tinystepslearning.com/class-samples,"index, follow, max-snippet:-1, max-image-preview:large, max-video-preview:-1",Real Class Sample Videos for Parents | Tiny Steps Learning,,14433 bytes / 68 words,suspected soft-404 / thin page,"Improve content depth + clear H1, or remove/noindex if utility-only."
sitemap-static.xml,https://tinystepslearning.com/careers,200,https://tinystepslearning.com/careers,"index, follow, max-snippet:-1, max-image-preview:large, max-video-preview:-1",Careers | Join the Tiny Steps Team,Join the Tiny Steps Team,37949 bytes / 721 words,200 indexable canonical page; orphan / weakly linked page,Add internal links from nav/footer/hubs and related sections.
sitemap-static.xml,https://tinystepslearning.com/courses,200,https://tinystepslearning.com/courses,"index, follow, max-snippet:-1, max-image-preview:large, max-video-preview:-1","Online English Courses for Kids | Phonics, Grammar &amp; Speaking | Tiny Steps Learning",A Complete English Learning Journey for Your Child,47988 bytes / 630 words,200 indexable canonical page,Keep; monitor indexation and crawl stats.
sitemap-static.xml,https://tinystepslearning.com/curriculum,200,https://tinystepslearning.com/curriculum,"index, follow, max-snippet:-1, max-image-preview:large, max-video-preview:-1",IB-Aligned English Curriculum | Tiny Steps Learning,Tiny Steps Curriculum (Ages 3–12),89822 bytes / 3181 words,200 indexable canonical page,Keep; monitor indexation and crawl stats.
sitemap-static.xml,https://tinystepslearning.com/privacy-policy,200,https://tinystepslearning.com/privacy-policy,"index, follow, max-snippet:-1, max-image-preview:large, max-video-preview:-1",Privacy Policy | Tiny Steps Learning,Privacy Policy,27293 bytes / 803 words,200 indexable canonical page,Keep; monitor indexation and crawl stats.
sitemap-static.xml,https://tinystepslearning.com/faq,200,https://tinystepslearning.com/faq,"index, follow, max-snippet:-1, max-image-preview:large, max-video-preview:-1",Frequently Asked Questions | Tiny Steps Learning,"Parent questions, clear answers, and the right next article",77570 bytes / 876 words,200 indexable canonical page,Keep; monitor indexation and crawl stats.
sitemap-static.xml,https://tinystepslearning.com/best-online-phonics-classes-india,200,https://tinystepslearning.com/best-online-phonics-classes-india,"index, follow, max-snippet:-1, max-image-preview:large, max-video-preview:-1",Best Online Phonics Classes in India | Tiny Steps Learning,Best Online Phonics Classes in India,56818 bytes / 1508 words,200 indexable canonical page,Keep; monitor indexation and crawl stats.
sitemap-static.xml,https://tinystepslearning.com/online-phonics-reading-classes,301,https://tinystepslearning.com/phonics,"index, follow, max-snippet:-1, max-image-preview:large, max-video-preview:-1",Online Phonics Classes for Kids | Tiny Steps Learning,Phonics Classes for Kids,59922 bytes / 1491 words,301/302 redirect,Remove from sitemap and keep only target canonical URL.
sitemap-static.xml,https://tinystepslearning.com/phonics-apps-for-preschoolers-india,200,https://tinystepslearning.com/phonics-apps-for-preschoolers-india,"index, follow, max-snippet:-1, max-image-preview:large, max-video-preview:-1",Phonics Apps for Preschoolers in India | Tiny Steps Learning,Phonics Apps for Preschoolers in India,34560 bytes / 1018 words,200 indexable canonical page; weakly linked page,Strengthen internal links from high-authority pages.
sitemap-static.xml,https://tinystepslearning.com/phonics-games-for-preschoolers,200,https://tinystepslearning.com/phonics-games-for-preschoolers,"index, follow, max-snippet:-1, max-image-preview:large, max-video-preview:-1",Phonics Games for Preschoolers | Tiny Steps Learning,Phonics Games for Preschoolers,32382 bytes / 829 words,200 indexable canonical page; weakly linked page,Strengthen internal links from high-authority pages.
sitemap-static.xml,https://tinystepslearning.com/phonics-learning-games,200,https://tinystepslearning.com/phonics-learning-games,"index, follow, max-snippet:-1, max-image-preview:large, max-video-preview:-1",Phonics Practice Games for Kids | Tiny Steps Learning,Playful learning games that help children practice phonics with confidence.,41189 bytes / 909 words,200 indexable canonical page; weakly linked page,Strengthen internal links from high-authority pages.
sitemap-static.xml,https://tinystepslearning.com/summer-camps,200,https://tinystepslearning.com/summer-camps,"index, follow, max-snippet:-1, max-image-preview:large, max-video-preview:-1",Premium Online Summer Camp for Kids in India | Tiny Steps Learning,Premium Online Summer Camp for Kids Ages 4-12,104383 bytes / 2946 words,200 indexable canonical page,Keep; monitor indexation and crawl stats.
sitemap-static.xml,https://tinystepslearning.com/phonics,200,https://tinystepslearning.com/phonics,"index, follow, max-snippet:-1, max-image-preview:large, max-video-preview:-1",Online Phonics Classes for Kids | Tiny Steps Learning,Phonics Classes for Kids,59922 bytes / 1491 words,200 indexable canonical page,Keep; monitor indexation and crawl stats.
sitemap-static.xml,https://tinystepslearning.com/grammar,200,https://tinystepslearning.com/grammar,"index, follow, max-snippet:-1, max-image-preview:large, max-video-preview:-1",Online Grammar and Writing Classes for Kids | Tiny Steps Learning,Online Grammar and Writing Classes for Kids,47365 bytes / 958 words,200 indexable canonical page,Keep; monitor indexation and crawl stats.
sitemap-static.xml,https://tinystepslearning.com/english-grammar-writing-classes,200,https://tinystepslearning.com/english-grammar-writing-classes,"index, follow, max-snippet:-1, max-image-preview:large, max-video-preview:-1",English Grammar &amp; Writing Classes for Kids | Tiny Steps Learning,English Grammar &amp; Writing Classes,39881 bytes / 811 words,200 indexable canonical page; weakly linked page,Strengthen internal links from high-authority pages.
sitemap-static.xml,https://tinystepslearning.com/speaking,200,https://tinystepslearning.com/speaking,"index, follow, max-snippet:-1, max-image-preview:large, max-video-preview:-1",Online Public Speaking Classes for Kids | Tiny Steps Learning,Online Public Speaking Classes for Kids,47632 bytes / 931 words,200 indexable canonical page,Keep; monitor indexation and crawl stats.
sitemap-static.xml,https://tinystepslearning.com/public-speaking-communication-kids,200,https://tinystepslearning.com/public-speaking-communication-kids,"index, follow, max-snippet:-1, max-image-preview:large, max-video-preview:-1",Public Speaking &amp; Communication Classes for Kids | Tiny Steps Learning,Public Speaking &amp; Communication Classes,39426 bytes / 781 words,200 indexable canonical page; weakly linked page,Strengthen internal links from high-authority pages.
sitemap-static.xml,https://tinystepslearning.com/for-schools,200,https://tinystepslearning.com/for-schools,"index, follow, max-snippet:-1, max-image-preview:large, max-video-preview:-1",English Program for Schools | Tiny Steps Learning,Tiny Steps for Schools &amp; Learning Centres,25887 bytes / 553 words,200 indexable canonical page; weakly linked page,Strengthen internal links from high-authority pages.
sitemap-static.xml,https://tinystepslearning.com/book-demo,200,https://tinystepslearning.com/book-demo,"index, follow, max-snippet:-1, max-image-preview:large, max-video-preview:-1",Book Free Assessment Class | Tiny Steps Learning,Book Your Free Assessment Class,31806 bytes / 394 words,200 indexable canonical page,Keep; monitor indexation and crawl stats.
sitemap-static.xml,https://tinystepslearning.com/reading-classes-for-kids,200,https://tinystepslearning.com/reading-classes-for-kids,"index, follow, max-snippet:-1, max-image-preview:large, max-video-preview:-1",Online Reading Classes for Kids | Tiny Steps Learning,Help Your Child Read Confidently and Fluently,26219 bytes / 516 words,200 indexable canonical page,Keep; monitor indexation and crawl stats.
sitemap-static.xml,https://tinystepslearning.com/spoken-english-classes-for-kids,200,https://tinystepslearning.com/spoken-english-classes-for-kids,"index, follow, max-snippet:-1, max-image-preview:large, max-video-preview:-1",Spoken English Classes for Kids India | Tiny Steps Learning,Help Your Child Speak English Clearly and Confidently,26544 bytes / 515 words,200 indexable canonical page,Keep; monitor indexation and crawl stats.
sitemap-static.xml,https://tinystepslearning.com/writing-classes-for-kids,200,https://tinystepslearning.com/writing-classes-for-kids,"index, follow, max-snippet:-1, max-image-preview:large, max-video-preview:-1",English Writing Classes for Kids | Tiny Steps Learning,English Writing Classes for Kids,24633 bytes / 468 words,200 indexable canonical page; weakly linked page,Strengthen internal links from high-authority pages.
sitemap-static.xml,https://tinystepslearning.com/phonics-fees-india,200,https://tinystepslearning.com/phonics-fees-india,"index, follow, max-snippet:-1, max-image-preview:large, max-video-preview:-1",Phonics Class Fees in India | Tiny Steps Learning,Phonics Class Fees in India,24796 bytes / 507 words,200 indexable canonical page,Keep; monitor indexation and crawl stats.
sitemap-static.xml,https://tinystepslearning.com/online-english-classes-for-kids-india,200,https://tinystepslearning.com/online-english-classes-for-kids-india,"index, follow, max-snippet:-1, max-image-preview:large, max-video-preview:-1",Online English Classes for Kids India | Tiny Steps Learning,"Build Strong Reading, Writing, and Speaking Confidence",25903 bytes / 531 words,200 indexable canonical page,Keep; monitor indexation and crawl stats.
sitemap-static.xml,https://tinystepslearning.com/english-classes-for-4-year-old,200,https://tinystepslearning.com/english-classes-for-4-year-old,"index, follow, max-snippet:-1, max-image-preview:large, max-video-preview:-1",English Classes for 4 Year Old | Tiny Steps Learning,English Classes for 4 Year Old,24852 bytes / 465 words,200 indexable canonical page,Keep; monitor indexation and crawl stats.
sitemap-static.xml,https://tinystepslearning.com/english-classes-for-5-year-old,200,https://tinystepslearning.com/english-classes-for-5-year-old,"index, follow, max-snippet:-1, max-image-preview:large, max-video-preview:-1",English Classes for 5 Year Old | Tiny Steps Learning,English Classes for 5 Year Old,24909 bytes / 452 words,200 indexable canonical page,Keep; monitor indexation and crawl stats.
sitemap-static.xml,https://tinystepslearning.com/english-classes-for-6-year-old,200,https://tinystepslearning.com/english-classes-for-6-year-old,"index, follow, max-snippet:-1, max-image-preview:large, max-video-preview:-1",English Classes for 6 Year Old | Tiny Steps Learning,English Classes for 6 Year Old,24973 bytes / 471 words,200 indexable canonical page,Keep; monitor indexation and crawl stats.
sitemap-static.xml,https://tinystepslearning.com/english-classes-for-7-10-year-old,200,https://tinystepslearning.com/english-classes-for-7-10-year-old,"index, follow, max-snippet:-1, max-image-preview:large, max-video-preview:-1",English Classes for 7 to 10 Year Old | Tiny Steps Learning,English Classes for 7 to 10 Year Old,25373 bytes / 496 words,200 indexable canonical page,Keep; monitor indexation and crawl stats.
sitemap-static.xml,https://tinystepslearning.com/child-not-reading-properly,200,https://tinystepslearning.com/child-not-reading-properly,"index, follow, max-snippet:-1, max-image-preview:large, max-video-preview:-1",Child Not Reading Properly? Parent Support Guide | Tiny Steps Learning,"If Your Child Is Struggling to Read, Support Is Available",25772 bytes / 575 words,200 indexable canonical page,Keep; monitor indexation and crawl stats.
sitemap-static.xml,https://tinystepslearning.com/slow-reader-child-help,200,https://tinystepslearning.com/slow-reader-child-help,"index, follow, max-snippet:-1, max-image-preview:large, max-video-preview:-1",Slow Reader Child Help | Reading Fluency Support | Tiny Steps Learning,Slow Reader Child Help: Improve Pace and Fluency,25045 bytes / 491 words,200 indexable canonical page,Keep; monitor indexation and crawl stats.
sitemap-static.xml,https://tinystepslearning.com/shy-child-speaking-confidence,200,https://tinystepslearning.com/shy-child-speaking-confidence,"index, follow, max-snippet:-1, max-image-preview:large, max-video-preview:-1",Shy Child Speaking Confidence Help | Tiny Steps Learning,Shy Child Speaking Confidence,25098 bytes / 475 words,200 indexable canonical page,Keep; monitor indexation and crawl stats.
sitemap-static.xml,https://tinystepslearning.com/reading-fluency-program,200,https://tinystepslearning.com/reading-fluency-program,"index, follow, max-snippet:-1, max-image-preview:large, max-video-preview:-1",Reading Fluency Program for Kids | Tiny Steps Learning,Reading Fluency Program for Kids,25173 bytes / 496 words,200 indexable canonical page,Keep; monitor indexation and crawl stats.
sitemap-static.xml,https://tinystepslearning.com/confidence-building-program-kids,200,https://tinystepslearning.com/confidence-building-program-kids,"index, follow, max-snippet:-1, max-image-preview:large, max-video-preview:-1",Confidence Building Program for Kids | Tiny Steps Learning,Confidence Building Program for Kids,25419 bytes / 496 words,200 indexable canonical page; weakly linked page,Strengthen internal links from high-authority pages.
sitemap-static.xml,https://tinystepslearning.com/english-foundation-program,200,https://tinystepslearning.com/english-foundation-program,"index, follow, max-snippet:-1, max-image-preview:large, max-video-preview:-1",English Foundation Program for Kids | Tiny Steps Learning,English Foundation Program for Kids,26525 bytes / 509 words,200 indexable canonical page,Keep; monitor indexation and crawl stats.
sitemap-static.xml,https://tinystepslearning.com/summer-camp-for-kids-india,200,https://tinystepslearning.com/summer-camp-for-kids-india,"index, follow, max-snippet:-1, max-image-preview:large, max-video-preview:-1",Summer Camp for Kids India (Parent Planning Guide) | Tiny Steps Learning,Summer Camp for Kids India: Parent Planning Guide,26822 bytes / 586 words,200 indexable canonical page; weakly linked page,Strengthen internal links from high-authority pages.
sitemap-static.xml,https://tinystepslearning.com/summer-reading-program-kids,200,https://tinystepslearning.com/summer-reading-program-kids,"index, follow, max-snippet:-1, max-image-preview:large, max-video-preview:-1",Summer Reading Program for Kids | Tiny Steps Learning,Summer Reading Program for Kids,26484 bytes / 522 words,200 indexable canonical page; weakly linked page,Strengthen internal links from high-authority pages.
sitemap-static.xml,https://tinystepslearning.com/summer-speaking-camp-kids,200,https://tinystepslearning.com/summer-speaking-camp-kids,"index, follow, max-snippet:-1, max-image-preview:large, max-video-preview:-1",Summer Speaking Camp for Kids | Tiny Steps Learning,Summer Speaking Camp for Kids,26393 bytes / 508 words,200 indexable canonical page,Keep; monitor indexation and crawl stats.
sitemap-blog.xml,https://tinystepslearning.com/blog/best-online-phonics-classes-for-kids,200,https://tinystepslearning.com/blog/best-online-phonics-classes-for-kids,"index, follow, max-snippet:-1, max-image-preview:large, max-video-preview:-1",Best Online Phonics Classes for Kids: What Parents Should Check First | Tiny Steps Blog,Best Online Phonics Classes for Kids: What Parents Should Check First,54741 bytes / 1419 words,200 indexable canonical page; weakly linked page,Strengthen internal links from high-authority pages.
sitemap-blog.xml,https://tinystepslearning.com/blog/how-phonics-classes-help-kids-read,200,https://tinystepslearning.com/blog/how-phonics-classes-help-kids-read,"index, follow, max-snippet:-1, max-image-preview:large, max-video-preview:-1",Why Kids Struggle With Reading—and How Phonics Helps | Tiny Steps Blog,Why Kids Struggle With Reading—and How Phonics Helps,55358 bytes / 1439 words,200 indexable canonical page; weakly linked page,Strengthen internal links from high-authority pages.
sitemap-blog.xml,https://tinystepslearning.com/blog/child-knows-abc-but-cannot-read,200,https://tinystepslearning.com/blog/child-knows-abc-but-cannot-read,"index, follow, max-snippet:-1, max-image-preview:large, max-video-preview:-1",My Child Knows ABC but Cannot Read: What Parents Should Do Next | Tiny Steps Blog,My Child Knows ABC but Cannot Read: What Parents Should Do Next,56500 bytes / 1544 words,200 indexable canonical page,Keep; monitor indexation and crawl stats.
sitemap-blog.xml,https://tinystepslearning.com/blog/benefits-of-phonics-for-kids,200,https://tinystepslearning.com/blog/benefits-of-phonics-for-kids,"index, follow, max-snippet:-1, max-image-preview:large, max-video-preview:-1",Top 7 Benefits of Phonics Classes for Kids | Tiny Steps Blog,Top 7 Benefits of Phonics Classes for Kids,53317 bytes / 1323 words,200 indexable canonical page; weakly linked page,Strengthen internal links from high-authority pages.
sitemap-blog.xml,https://tinystepslearning.com/blog/what-age-to-start-phonics,200,https://tinystepslearning.com/blog/what-age-to-start-phonics,"index, follow, max-snippet:-1, max-image-preview:large, max-video-preview:-1",What Is the Right Age to Start Phonics? A Parent Readiness Guide | Tiny Steps Blog,What Is the Right Age to Start Phonics? A Parent Readiness Guide,55287 bytes / 1448 words,200 indexable canonical page,Keep; monitor indexation and crawl stats.
sitemap-blog.xml,https://tinystepslearning.com/blog/how-to-choose-phonics-classes,200,https://tinystepslearning.com/blog/how-to-choose-phonics-classes,"index, follow, max-snippet:-1, max-image-preview:large, max-video-preview:-1",How to Choose the Best Phonics Classes for Your Child | Tiny Steps Blog,How to Choose the Best Phonics Classes for Your Child,53292 bytes / 1324 words,200 indexable canonical page; weakly linked page,Strengthen internal links from high-authority pages.
sitemap-blog.xml,https://tinystepslearning.com/blog/synthetic-phonics-vs-traditional-reading,200,https://tinystepslearning.com/blog/synthetic-phonics-vs-traditional-reading,"index, follow, max-snippet:-1, max-image-preview:large, max-video-preview:-1",What Is Synthetic Phonics? A Parent Guide With Clear Method Comparison | Tiny Steps Blog,What Is Synthetic Phonics? A Parent Guide With Clear Method Comparison,55628 bytes / 1429 words,200 indexable canonical page,Keep; monitor indexation and crawl stats.
sitemap-blog.xml,https://tinystepslearning.com/blog/online-phonics-classes-vs-school,200,https://tinystepslearning.com/blog/online-phonics-classes-vs-school,"index, follow, max-snippet:-1, max-image-preview:large, max-video-preview:-1",Online vs Offline (School) Phonics Classes: What Works Better for Your Child? | Tiny Steps Blog,Online vs Offline (School) Phonics Classes: What Works Better for Your Child?,55661 bytes / 1450 words,200 indexable canonical page; weakly linked page,Strengthen internal links from high-authority pages.
sitemap-blog.xml,https://tinystepslearning.com/blog/how-long-does-phonics-take,200,https://tinystepslearning.com/blog/how-long-does-phonics-take,"index, follow, max-snippet:-1, max-image-preview:large, max-video-preview:-1",How Long Does It Take for a Child to Learn Phonics? | Tiny Steps Blog,How Long Does It Take for a Child to Learn Phonics?,53316 bytes / 1332 words,200 indexable canonical page; weakly linked page,Strengthen internal links from high-authority pages.
sitemap-blog.xml,https://tinystepslearning.com/blog/what-is-phonics-for-kids,200,https://tinystepslearning.com/blog/what-is-phonics-for-kids,"index, follow, max-snippet:-1, max-image-preview:large, max-video-preview:-1",What Is Phonics for Kids? A Simple Parent Guide | Tiny Steps Blog,What Is Phonics for Kids? A Simple Parent Guide,53922 bytes / 1358 words,200 indexable canonical page; weakly linked page,Strengthen internal links from high-authority pages.
sitemap-blog.xml,https://tinystepslearning.com/blog/how-phonics-builds-reading-confidence,200,https://tinystepslearning.com/blog/how-phonics-builds-reading-confidence,"index, follow, max-snippet:-1, max-image-preview:large, max-video-preview:-1",How Phonics Helps Children Become Confident Readers | Tiny Steps Blog,How Phonics Helps Children Become Confident Readers,53515 bytes / 1334 words,200 indexable canonical page; weakly linked page,Strengthen internal links from high-authority pages.
sitemap-blog.xml,https://tinystepslearning.com/blog/phonics-rules-for-beginners,200,https://tinystepslearning.com/blog/phonics-rules-for-beginners,"index, follow, max-snippet:-1, max-image-preview:large, max-video-preview:-1",Common Phonics Rules Every Child Should Learn | Tiny Steps Blog,Common Phonics Rules Every Child Should Learn,53271 bytes / 1317 words,200 indexable canonical page; weakly linked page,Strengthen internal links from high-authority pages.
sitemap-blog.xml,https://tinystepslearning.com/blog/how-phonics-improves-spelling,200,https://tinystepslearning.com/blog/how-phonics-improves-spelling,"index, follow, max-snippet:-1, max-image-preview:large, max-video-preview:-1",How Phonics Improves Spelling and Reading Skills | Tiny Steps Blog,How Phonics Improves Spelling and Reading Skills,53263 bytes / 1311 words,200 indexable canonical page; weakly linked page,Strengthen internal links from high-authority pages.
sitemap-blog.xml,https://tinystepslearning.com/blog/science-of-phonics-learning,200,https://tinystepslearning.com/blog/science-of-phonics-learning,"index, follow, max-snippet:-1, max-image-preview:large, max-video-preview:-1",Phonics vs Sight Words and Traditional Reading: A Calm Parent Decision Guide | Tiny Steps Blog,Phonics vs Sight Words and Traditional Reading: A Calm Parent Decision Guide,56032 bytes / 1493 words,200 indexable canonical page; weakly linked page,Strengthen internal links from high-authority pages.
sitemap-blog.xml,https://tinystepslearning.com/blog/phonics-activities-for-kids-at-home,200,https://tinystepslearning.com/blog/phonics-activities-for-kids-at-home,"index, follow, max-snippet:-1, max-image-preview:large, max-video-preview:-1",How to Teach Phonics at Home: 10 Activities That Build Reading | Tiny Steps Blog,How to Teach Phonics at Home: 10 Activities That Build Reading,54978 bytes / 1419 words,200 indexable canonical page; weakly linked page,Strengthen internal links from high-authority pages.
sitemap-blog.xml,https://tinystepslearning.com/blog/phonics-games-for-letter-sounds,200,https://tinystepslearning.com/blog/phonics-games-for-letter-sounds,"index, follow, max-snippet:-1, max-image-preview:large, max-video-preview:-1",Phonics Games That Help Kids Learn Letter Sounds | Tiny Steps Blog,Phonics Games That Help Kids Learn Letter Sounds,53201 bytes / 1328 words,200 indexable canonical page; weakly linked page,Strengthen internal links from high-authority pages.
sitemap-blog.xml,https://tinystepslearning.com/blog/phonics-blending-activities,200,https://tinystepslearning.com/blog/phonics-blending-activities,"index, follow, max-snippet:-1, max-image-preview:large, max-video-preview:-1",Simple Blending Activities to Teach Kids Reading | Tiny Steps Blog,Simple Blending Activities to Teach Kids Reading,53432 bytes / 1343 words,200 indexable canonical page; weakly linked page,Strengthen internal links from high-authority pages.
sitemap-blog.xml,https://tinystepslearning.com/blog/cvc-words-explained-for-parents,200,https://tinystepslearning.com/blog/cvc-words-explained-for-parents,"index, follow, max-snippet:-1, max-image-preview:large, max-video-preview:-1",CVC Words Explained for Parents | Tiny Steps Blog,CVC Words Explained for Parents,53653 bytes / 1388 words,200 indexable canonical page; weakly linked page,Strengthen internal links from high-authority pages.
sitemap-blog.xml,https://tinystepslearning.com/blog/online-phonics-games,200,https://tinystepslearning.com/blog/online-phonics-games,"index, follow, max-snippet:-1, max-image-preview:large, max-video-preview:-1",Fun Phonics Games for Online Learning | Tiny Steps Blog,Fun Phonics Games for Online Learning,52961 bytes / 1312 words,200 indexable canonical page; weakly linked page,Strengthen internal links from high-authority pages.
sitemap-blog.xml,https://tinystepslearning.com/blog/satpin-phonics-guide,200,https://tinystepslearning.com/blog/satpin-phonics-guide,"index, follow, max-snippet:-1, max-image-preview:large, max-video-preview:-1",SATPIN Phonics Explained for Parents | Tiny Steps Blog,SATPIN Phonics Explained for Parents,53482 bytes / 1364 words,200 indexable canonical page; weakly linked page,Strengthen internal links from high-authority pages.
sitemap-blog.xml,https://tinystepslearning.com/blog/how-kids-learn-blending,200,https://tinystepslearning.com/blog/how-kids-learn-blending,"index, follow, max-snippet:-1, max-image-preview:large, max-video-preview:-1",How Kids Learn to Blend Sounds in Phonics | Tiny Steps Blog,How Kids Learn to Blend Sounds in Phonics,53632 bytes / 1357 words,200 indexable canonical page; weakly linked page,Strengthen internal links from high-authority pages.
sitemap-blog.xml,https://tinystepslearning.com/blog/digraphs-and-tricky-words,200,https://tinystepslearning.com/blog/digraphs-and-tricky-words,"index, follow, max-snippet:-1, max-image-preview:large, max-video-preview:-1",Understanding Digraphs and Tricky Words | Tiny Steps Blog,Understanding Digraphs and Tricky Words,52917 bytes / 1311 words,200 indexable canonical page; weakly linked page,Strengthen internal links from high-authority pages.
sitemap-blog.xml,https://tinystepslearning.com/blog/long-vowel-sounds-for-kids,200,https://tinystepslearning.com/blog/long-vowel-sounds-for-kids,"index, follow, max-snippet:-1, max-image-preview:large, max-video-preview:-1",Long Vowel Sounds Explained for Kids | Tiny Steps Blog,Long Vowel Sounds Explained for Kids,53004 bytes / 1303 words,200 indexable canonical page; weakly linked page,Strengthen internal links from high-authority pages.
sitemap-blog.xml,https://tinystepslearning.com/blog/r-controlled-vowels-explained,200,https://tinystepslearning.com/blog/r-controlled-vowels-explained,"index, follow, max-snippet:-1, max-image-preview:large, max-video-preview:-1",R-Controlled Vowels Made Easy for Children | Tiny Steps Blog,R-Controlled Vowels Made Easy for Children,53602 bytes / 1347 words,200 indexable canonical page; weakly linked page,Strengthen internal links from high-authority pages.
sitemap-blog.xml,https://tinystepslearning.com/blog/why-parents-choose-online-phonics,200,https://tinystepslearning.com/blog/why-parents-choose-online-phonics,"index, follow, max-snippet:-1, max-image-preview:large, max-video-preview:-1",Why Parents Prefer Online Phonics Classes Today | Tiny Steps Blog,Why Parents Prefer Online Phonics Classes Today,53395 bytes / 1341 words,200 indexable canonical page; weakly linked page,Strengthen internal links from high-authority pages.
sitemap-blog.xml,https://tinystepslearning.com/blog/how-tiny-steps-builds-reading-confidence,200,https://tinystepslearning.com/blog/how-tiny-steps-builds-reading-confidence,"index, follow, max-snippet:-1, max-image-preview:large, max-video-preview:-1",How Tiny Steps Helps Kids Become Confident Readers | Tiny Steps Blog,How Tiny Steps Helps Kids Become Confident Readers,53649 bytes / 1333 words,200 indexable canonical page; weakly linked page,Strengthen internal links from high-authority pages.
sitemap-blog.xml,https://tinystepslearning.com/blog/week-1-phonics-satpin-launch,200,https://tinystepslearning.com/blog/week-1-phonics-satpin-launch,"index, follow, max-snippet:-1, max-image-preview:large, max-video-preview:-1",SATPIN for Parents: A Research-Backed Week 1 Launch Plan for Confident Readers | Tiny Steps Blog,SATPIN for Parents: A Research-Backed Week 1 Launch Plan for Confident Readers,68815 bytes / 2266 words,200 indexable canonical page,Keep; monitor indexation and crawl stats.
sitemap-blog.xml,https://tinystepslearning.com/blog/week-2-phonics-blending-club,200,https://tinystepslearning.com/blog/week-2-phonics-blending-club,"index, follow, max-snippet:-1, max-image-preview:large, max-video-preview:-1",Week 2: Build a Blending Club at Home | Tiny Steps Blog,Week 2: Build a Blending Club at Home,66574 bytes / 2353 words,200 indexable canonical page; weakly linked page,Strengthen internal links from high-authority pages.
sitemap-blog.xml,https://tinystepslearning.com/blog/online-english-classes-for-kids-india,200,https://tinystepslearning.com/blog/online-english-classes-for-kids-india,"index, follow, max-snippet:-1, max-image-preview:large, max-video-preview:-1",Online English classes for kids in India: how to choose the right program (ages 3–12) | Tiny Steps Blog,Online English classes for kids in India: how to choose the right program (ages 3–12),43974 bytes / 1041 words,200 indexable canonical page; weakly linked page,Strengthen internal links from high-authority pages.
sitemap-blog.xml,https://tinystepslearning.com/blog/best-phonics-classes-for-kids,200,https://tinystepslearning.com/blog/best-phonics-classes-for-kids,"index, follow, max-snippet:-1, max-image-preview:large, max-video-preview:-1",Best phonics classes for kids: the parent checklist (plus a 10-minute daily routine) | Tiny Steps Blog,Best phonics classes for kids: the parent checklist (plus a 10-minute daily routine),43643 bytes / 984 words,200 indexable canonical page; weakly linked page,Strengthen internal links from high-authority pages.
sitemap-blog.xml,https://tinystepslearning.com/blog/spoken-english-classes-for-kids-confidence,200,https://tinystepslearning.com/blog/spoken-english-classes-for-kids-confidence,"index, follow, max-snippet:-1, max-image-preview:large, max-video-preview:-1",Spoken English classes for kids: a simple confidence plan for shy children (ages 4–12) | Tiny Steps Blog,Spoken English classes for kids: a simple confidence plan for shy children (ages 4–12),40914 bytes / 831 words,200 indexable canonical page; weakly linked page,Strengthen internal links from high-authority pages.
sitemap-blog.xml,https://tinystepslearning.com/blog/week-3-phonics-tricky-words,200,https://tinystepslearning.com/blog/week-3-phonics-tricky-words,"index, follow, max-snippet:-1, max-image-preview:large, max-video-preview:-1",Week 3: Introduce Tricky Words the Smart Way | Tiny Steps Blog,Week 3: Introduce Tricky Words the Smart Way,62873 bytes / 2118 words,200 indexable canonical page; weakly linked page,Strengthen internal links from high-authority pages.
sitemap-blog.xml,https://tinystepslearning.com/blog/week-4-phonics-long-vowels,200,https://tinystepslearning.com/blog/week-4-phonics-long-vowels,"index, follow, max-snippet:-1, max-image-preview:large, max-video-preview:-1",Week 4: Long Vowel Patterns Without Tears | Tiny Steps Blog,Week 4: Long Vowel Patterns Without Tears,62682 bytes / 2156 words,200 indexable canonical page; weakly linked page,Strengthen internal links from high-authority pages.
sitemap-blog.xml,https://tinystepslearning.com/blog/week-5-phonics-r-controlled,200,https://tinystepslearning.com/blog/week-5-phonics-r-controlled,"index, follow, max-snippet:-1, max-image-preview:large, max-video-preview:-1",Week 5: R-Controlled Vowels Made Simple | Tiny Steps Blog,Week 5: R-Controlled Vowels Made Simple,64642 bytes / 2237 words,200 indexable canonical page; weakly linked page,Strengthen internal links from high-authority pages.
sitemap-blog.xml,https://tinystepslearning.com/blog/week-6-phonics-comprehension,200,https://tinystepslearning.com/blog/week-6-phonics-comprehension,"index, follow, max-snippet:-1, max-image-preview:large, max-video-preview:-1",Week 6: From Sounding Out to Understanding | Tiny Steps Blog,Week 6: From Sounding Out to Understanding,62269 bytes / 2059 words,200 indexable canonical page; weakly linked page,Strengthen internal links from high-authority pages.
sitemap-blog.xml,https://tinystepslearning.com/blog/week-7-grammar-nouns-to-paragraphs,200,https://tinystepslearning.com/blog/week-7-grammar-nouns-to-paragraphs,"index, follow, max-snippet:-1, max-image-preview:large, max-video-preview:-1",Grammar Basics Roadmap: Nouns to Paragraphs in 7 Days (Ages 3-10) | Tiny Steps Blog,Grammar Basics Roadmap: Nouns to Paragraphs in 7 Days (Ages 3-10),81379 bytes / 2599 words,200 indexable canonical page,Keep; monitor indexation and crawl stats.
sitemap-blog.xml,https://tinystepslearning.com/blog/week-8-grammar-tenses,200,https://tinystepslearning.com/blog/week-8-grammar-tenses,"index, follow, max-snippet:-1, max-image-preview:large, max-video-preview:-1",Week 8: Tenses Without Tears | Tiny Steps Blog,Week 8: Tenses Without Tears,62126 bytes / 2059 words,200 indexable canonical page; weakly linked page,Strengthen internal links from high-authority pages.
sitemap-blog.xml,https://tinystepslearning.com/blog/week-9-grammar-conjunctions,200,https://tinystepslearning.com/blog/week-9-grammar-conjunctions,"index, follow, max-snippet:-1, max-image-preview:large, max-video-preview:-1",Week 9: Conjunction Toolkits | Tiny Steps Blog,Week 9: Conjunction Toolkits,61987 bytes / 2041 words,200 indexable canonical page; weakly linked page,Strengthen internal links from high-authority pages.
sitemap-blog.xml,https://tinystepslearning.com/blog/week-10-grammar-subject-verb,200,https://tinystepslearning.com/blog/week-10-grammar-subject-verb,"index, follow, max-snippet:-1, max-image-preview:large, max-video-preview:-1",Week 10: Subject-Verb Agreement Rescue Plan | Tiny Steps Blog,Week 10: Subject-Verb Agreement Rescue Plan,62546 bytes / 2075 words,200 indexable canonical page; weakly linked page,Strengthen internal links from high-authority pages.
sitemap-blog.xml,https://tinystepslearning.com/blog/week-11-grammar-creative-writing,200,https://tinystepslearning.com/blog/week-11-grammar-creative-writing,"index, follow, max-snippet:-1, max-image-preview:large, max-video-preview:-1",Week 11: Creative Writing Scaffolds for Ages 8–10 | Tiny Steps Blog,Week 11: Creative Writing Scaffolds for Ages 8–10,66936 bytes / 2413 words,200 indexable canonical page; weakly linked page,Strengthen internal links from high-authority pages.
sitemap-blog.xml,https://tinystepslearning.com/blog/week-12-speaking-confidence-seeds,200,https://tinystepslearning.com/blog/week-12-speaking-confidence-seeds,"index, follow, max-snippet:-1, max-image-preview:large, max-video-preview:-1",Speaking Confidence Roadmap: A 7-Day Calm Plan for Kids (Ages 3-10) | Tiny Steps Blog,Speaking Confidence Roadmap: A 7-Day Calm Plan for Kids (Ages 3-10),84793 bytes / 2694 words,200 indexable canonical page; weakly linked page,Strengthen internal links from high-authority pages.
sitemap-blog.xml,https://tinystepslearning.com/blog/week-13-speaking-structure,200,https://tinystepslearning.com/blog/week-13-speaking-structure,"index, follow, max-snippet:-1, max-image-preview:large, max-video-preview:-1",Week 13: Hook-Body-Close for Kids | Tiny Steps Blog,Week 13: Hook-Body-Close for Kids,62158 bytes / 2110 words,200 indexable canonical page; weakly linked page,Strengthen internal links from high-authority pages.
sitemap-blog.xml,https://tinystepslearning.com/blog/week-14-speaking-visual-aids,200,https://tinystepslearning.com/blog/week-14-speaking-visual-aids,"index, follow, max-snippet:-1, max-image-preview:large, max-video-preview:-1",Week 14: Visual Aids That Wow | Tiny Steps Blog,Week 14: Visual Aids That Wow,61431 bytes / 2071 words,200 indexable canonical page; weakly linked page,Strengthen internal links from high-authority pages.
sitemap-blog.xml,https://tinystepslearning.com/blog/week-15-speaking-debate-starters,200,https://tinystepslearning.com/blog/week-15-speaking-debate-starters,"index, follow, max-snippet:-1, max-image-preview:large, max-video-preview:-1",Week 15: Debate Starters for Tweens | Tiny Steps Blog,Week 15: Debate Starters for Tweens,61638 bytes / 2028 words,200 indexable canonical page; weakly linked page,Strengthen internal links from high-authority pages.
sitemap-blog.xml,https://tinystepslearning.com/blog/week-16-phonics-summer-plan,200,https://tinystepslearning.com/blog/week-16-phonics-summer-plan,"index, follow, max-snippet:-1, max-image-preview:large, max-video-preview:-1",Week 16: Summer Phonics Booster Schedule | Tiny Steps Blog,Week 16: Summer Phonics Booster Schedule,60862 bytes / 1982 words,200 indexable canonical page; weakly linked page,Strengthen internal links from high-authority pages.
sitemap-blog.xml,https://tinystepslearning.com/blog/week-17-grammar-assessment,200,https://tinystepslearning.com/blog/week-17-grammar-assessment,"index, follow, max-snippet:-1, max-image-preview:large, max-video-preview:-1",Week 17: DIY Grammar Assessment for Parents | Tiny Steps Blog,Week 17: DIY Grammar Assessment for Parents,61261 bytes / 2013 words,200 indexable canonical page; weakly linked page,Strengthen internal links from high-authority pages.
sitemap-blog.xml,https://tinystepslearning.com/blog/week-18-speaking-video-feedback,200,https://tinystepslearning.com/blog/week-18-speaking-video-feedback,"index, follow, max-snippet:-1, max-image-preview:large, max-video-preview:-1",Week 18: Use Video for Instant Speaking Feedback | Tiny Steps Blog,Week 18: Use Video for Instant Speaking Feedback,61152 bytes / 2002 words,200 indexable canonical page; weakly linked page,Strengthen internal links from high-authority pages.
sitemap-blog.xml,https://tinystepslearning.com/blog/week-19-phonics-multisyllabic,200,https://tinystepslearning.com/blog/week-19-phonics-multisyllabic,"index, follow, max-snippet:-1, max-image-preview:large, max-video-preview:-1",Week 19: Multisyllabic Word Play | Tiny Steps Blog,Week 19: Multisyllabic Word Play,59960 bytes / 1869 words,200 indexable canonical page; weakly linked page,Strengthen internal links from high-authority pages.
sitemap-blog.xml,https://tinystepslearning.com/blog/week-20-grammar-editing-camp,200,https://tinystepslearning.com/blog/week-20-grammar-editing-camp,"index, follow, max-snippet:-1, max-image-preview:large, max-video-preview:-1",Week 20: Editing Camp at Home | Tiny Steps Blog,Week 20: Editing Camp at Home,61381 bytes / 1999 words,200 indexable canonical page; weakly linked page,Strengthen internal links from high-authority pages.
sitemap-blog.xml,https://tinystepslearning.com/blog/week-21-speaking-competition-prep,200,https://tinystepslearning.com/blog/week-21-speaking-competition-prep,"index, follow, max-snippet:-1, max-image-preview:large, max-video-preview:-1",Week 21: Competition Prep Checklist | Tiny Steps Blog,Week 21: Competition Prep Checklist,61085 bytes / 1953 words,200 indexable canonical page; weakly linked page,Strengthen internal links from high-authority pages.
sitemap-blog.xml,https://tinystepslearning.com/blog/week-22-phonics-diagnostics,200,https://tinystepslearning.com/blog/week-22-phonics-diagnostics,"index, follow, max-snippet:-1, max-image-preview:large, max-video-preview:-1",Week 22: Diagnostic Checklist Before a New Term | Tiny Steps Blog,Week 22: Diagnostic Checklist Before a New Term,60120 bytes / 1909 words,200 indexable canonical page; weakly linked page,Strengthen internal links from high-authority pages.
sitemap-blog.xml,https://tinystepslearning.com/blog/week-23-grammar-speaking-bridge,200,https://tinystepslearning.com/blog/week-23-grammar-speaking-bridge,"index, follow, max-snippet:-1, max-image-preview:large, max-video-preview:-1",Week 23: Bridge Grammar &amp; Speaking with Story Cards | Tiny Steps Blog,Week 23: Bridge Grammar &amp; Speaking with Story Cards,61250 bytes / 2021 words,200 indexable canonical page; weakly linked page,Strengthen internal links from high-authority pages.
sitemap-blog.xml,https://tinystepslearning.com/blog/week-24-speaking-family-showcase,200,https://tinystepslearning.com/blog/week-24-speaking-family-showcase,"index, follow, max-snippet:-1, max-image-preview:large, max-video-preview:-1",Week 24: Host a Family Showcase Night | Tiny Steps Blog,Week 24: Host a Family Showcase Night,59903 bytes / 1894 words,200 indexable canonical page; weakly linked page,Strengthen internal links from high-authority pages.
sitemap-blog.xml,https://tinystepslearning.com/blog/week-25-back-to-school-plan,200,https://tinystepslearning.com/blog/week-25-back-to-school-plan,"index, follow, max-snippet:-1, max-image-preview:large, max-video-preview:-1",Week 25: Back-to-School English Confidence Plan | Tiny Steps Blog,Week 25: Back-to-School English Confidence Plan,62274 bytes / 1906 words,200 indexable canonical page; weakly linked page,Strengthen internal links from high-authority pages.
sitemap-blog.xml,https://tinystepslearning.com/blog/week-26-screen-smart-summer-routine,200,https://tinystepslearning.com/blog/week-26-screen-smart-summer-routine,"index, follow, max-snippet:-1, max-image-preview:large, max-video-preview:-1",Week 26: Screen-Smart Summer Routine for Kids (Ages 3-12) | Tiny Steps Blog,Week 26: Screen-Smart Summer Routine for Kids (Ages 3-12),58587 bytes / 1737 words,200 indexable canonical page; weakly linked page,Strengthen internal links from high-authority pages.
sitemap-blog.xml,https://tinystepslearning.com/blog/week-27-prevent-summer-slide-reading,200,https://tinystepslearning.com/blog/week-27-prevent-summer-slide-reading,"index, follow, max-snippet:-1, max-image-preview:large, max-video-preview:-1",Week 27: How to Prevent the Summer Slide in Reading (10-Minute Daily Plan) | Tiny Steps Blog,Week 27: How to Prevent the Summer Slide in Reading (10-Minute Daily Plan),57631 bytes / 1651 words,200 indexable canonical page; weakly linked page,Strengthen internal links from high-authority pages.
sitemap-blog.xml,https://tinystepslearning.com/blog/phonics-for-parents-guide,200,https://tinystepslearning.com/blog/phonics-for-parents-guide,"index, follow, max-snippet:-1, max-image-preview:large, max-video-preview:-1","Phonics for Parents: What It Is, Why It Matters, and How to Teach It at Home | Tiny Steps Blog","Phonics for Parents: What It Is, Why It Matters, and How to Teach It at Home",85648 bytes / 2777 words,200 indexable canonical page,Keep; monitor indexation and crawl stats.
sitemap-courses.xml,https://tinystepslearning.com/courses/phonics-foundation,200,https://tinystepslearning.com/courses/phonics-foundation,"index, follow",Phonics Foundations | Tiny Steps,Phonics Foundations,36317 bytes / 803 words,200 indexable canonical page; orphan / weakly linked page,Add internal links from nav/footer/hubs and related sections.
sitemap-courses.xml,https://tinystepslearning.com/courses/phonics-brush-up,200,https://tinystepslearning.com/courses/phonics-brush-up,"index, follow",Early Phonics | Tiny Steps,Early Phonics,36756 bytes / 932 words,200 indexable canonical page; orphan / weakly linked page,Add internal links from nav/footer/hubs and related sections.
sitemap-courses.xml,https://tinystepslearning.com/courses/phonics-advanced,200,https://tinystepslearning.com/courses/phonics-advanced,"index, follow",Advanced Phonics | Tiny Steps,Advanced Phonics,35514 bytes / 656 words,200 indexable canonical page; orphan / weakly linked page,Add internal links from nav/footer/hubs and related sections.
sitemap-courses.xml,https://tinystepslearning.com/courses/basic-grammar,200,https://tinystepslearning.com/courses/basic-grammar,"index, follow",Beginner Grammar | Tiny Steps,Beginner Grammar,33628 bytes / 752 words,200 indexable canonical page; orphan / weakly linked page,Add internal links from nav/footer/hubs and related sections.
sitemap-courses.xml,https://tinystepslearning.com/courses/advanced-grammar,200,https://tinystepslearning.com/courses/advanced-grammar,"index, follow",Advanced Grammar | Tiny Steps,Advanced Grammar,36611 bytes / 785 words,200 indexable canonical page; orphan / weakly linked page,Add internal links from nav/footer/hubs and related sections.
sitemap-courses.xml,https://tinystepslearning.com/courses/basic-public-speaking,200,https://tinystepslearning.com/courses/basic-public-speaking,"index, follow",Public Speaking (Basic) | Tiny Steps,Public Speaking (Basic),36514 bytes / 780 words,200 indexable canonical page; orphan / weakly linked page,Add internal links from nav/footer/hubs and related sections.
sitemap-courses.xml,https://tinystepslearning.com/courses/advanced-public-speaking,200,https://tinystepslearning.com/courses/advanced-public-speaking,"index, follow",Public Speaking (Advanced) | Tiny Steps,Public Speaking (Advanced),36617 bytes / 739 words,200 indexable canonical page; orphan / weakly linked page,Add internal links from nav/footer/hubs and related sections.
sitemap-parents.xml,https://tinystepslearning.com/parents,200,https://tinystepslearning.com/parents,"index, follow, max-snippet:-1, max-image-preview:large, max-video-preview:-1",Parents Hub | Tiny Steps Learning,"A premium parent help desk for phonics, reading, grammar, and speaking growth",48713 bytes / 1244 words,200 indexable canonical page,Keep; monitor indexation and crawl stats.
sitemap-parents.xml,https://tinystepslearning.com/parents/getting-started,200,https://tinystepslearning.com/parents/getting-started,"index, follow, max-snippet:-1, max-image-preview:large, max-video-preview:-1",Getting Started Guide | Parents Hub | Tiny Steps Learning,Getting Started with Tiny Steps,34393 bytes / 801 words,200 indexable canonical page,Keep; monitor indexation and crawl stats.
sitemap-parents.xml,https://tinystepslearning.com/parents/choosing-course,200,https://tinystepslearning.com/parents/choosing-course,"index, follow, max-snippet:-1, max-image-preview:large, max-video-preview:-1",Choosing the Right Course for Your Child | Parents Hub | Tiny Steps Learning,How to choose a course,25479 bytes / 449 words,200 indexable canonical page,Keep; monitor indexation and crawl stats.
sitemap-parents.xml,https://tinystepslearning.com/parents/scheduling,200,https://tinystepslearning.com/parents/scheduling,"index, follow, max-snippet:-1, max-image-preview:large, max-video-preview:-1",Scheduling Classes | Parents Hub | Tiny Steps Learning,Scheduling &amp; attendance,25299 bytes / 464 words,200 indexable canonical page; weakly linked page,Strengthen internal links from high-authority pages.
sitemap-parents.xml,https://tinystepslearning.com/parents/payments,200,https://tinystepslearning.com/parents/payments,"index, follow, max-snippet:-1, max-image-preview:large, max-video-preview:-1",Payments &amp; Invoicing | Parents Hub | Tiny Steps Learning,Payments &amp; invoices,25380 bytes / 473 words,200 indexable canonical page; weakly linked page,Strengthen internal links from high-authority pages.
sitemap-parents.xml,https://tinystepslearning.com/parents/tracking-progress,200,https://tinystepslearning.com/parents/tracking-progress,"index, follow, max-snippet:-1, max-image-preview:large, max-video-preview:-1",Tracking Your Child&#039;s Progress | Parents Hub | Tiny Steps Learning,Track your child's progress,27170 bytes / 473 words,200 indexable canonical page,Keep; monitor indexation and crawl stats.
sitemap-parents.xml,https://tinystepslearning.com/parents/helping-with-homework,200,https://tinystepslearning.com/parents/helping-with-homework,"index, follow, max-snippet:-1, max-image-preview:large, max-video-preview:-1",Helping with Homework | Parents Hub | Tiny Steps Learning,Helping with homework,28116 bytes / 546 words,200 indexable canonical page,Keep; monitor indexation and crawl stats.
sitemap-parents.xml,https://tinystepslearning.com/parents/phonics-mission,200,https://tinystepslearning.com/parents/phonics-mission,"index, follow, max-snippet:-1, max-image-preview:large, max-video-preview:-1",Phonics Mission Guide | Parents Hub | Tiny Steps Learning,Phonics Mission: A Research-Backed 7-Day Starter Plan for Parents,47053 bytes / 1673 words,200 indexable canonical page,Keep; monitor indexation and crawl stats.
sitemap-parents.xml,https://tinystepslearning.com/parents/reading-at-home,200,https://tinystepslearning.com/parents/reading-at-home,"index, follow, max-snippet:-1, max-image-preview:large, max-video-preview:-1",Reading at Home | Parents Hub | Tiny Steps Learning,Reading at Home: Science-Backed Daily Routine,37325 bytes / 964 words,200 indexable canonical page,Keep; monitor indexation and crawl stats.
sitemap-parents.xml,https://tinystepslearning.com/parents/speech-confidence,200,https://tinystepslearning.com/parents/speech-confidence,"index, follow, max-snippet:-1, max-image-preview:large, max-video-preview:-1",Building Speech Confidence | Parents Hub | Tiny Steps Learning,Building speaking confidence,25242 bytes / 456 words,200 indexable canonical page,Keep; monitor indexation and crawl stats.
sitemap-parents.xml,https://tinystepslearning.com/parents/common-mistakes,200,https://tinystepslearning.com/parents/common-mistakes,"index, follow, max-snippet:-1, max-image-preview:large, max-video-preview:-1",Common Learning Mistakes | Parents Hub | Tiny Steps Learning,Common mistakes parents make,26516 bytes / 594 words,200 indexable canonical page; weakly linked page,Strengthen internal links from high-authority pages.