sitemap,url,httpStatus,finalStatus,finalUrl,canonical,robots,title,h1,wordCount,contentLength,classification,redirectChain
sitemap-static.xml,https://tinystepslearning.com/,200,200,https://tinystepslearning.com/,https://tinystepslearning.com/,"index, follow, max-snippet:-1, max-image-preview:large, max-video-preview:-1","Online Phonics, Grammar &amp; Public Speaking Classes for Kids | Tiny Steps Learning","Gentle, high-impact English foundations",582,45169,200 indexable canonical page,200:https://tinystepslearning.com/
sitemap-static.xml,https://tinystepslearning.com/blog,200,200,https://tinystepslearning.com/blog,https://tinystepslearning.com/blog,"index, follow, max-snippet:-1, max-image-preview:large, max-video-preview:-1",Blog | Tiny Steps Learning,"Find the right phonics, grammar, and speaking help in minutes",2076,105938,200 indexable canonical page,200:https://tinystepslearning.com/blog
sitemap-static.xml,https://tinystepslearning.com/pricing,200,200,https://tinystepslearning.com/pricing,https://tinystepslearning.com/pricing,"index, follow, max-snippet:-1, max-image-preview:large, max-video-preview:-1",Pricing &amp; Plans | Tiny Steps Learning,Pricing that mirrors your child’s curriculum,827,40638,200 indexable canonical page,200:https://tinystepslearning.com/pricing
sitemap-static.xml,https://tinystepslearning.com/sitemap,200,200,https://tinystepslearning.com/sitemap,https://tinystepslearning.com/sitemap,"index, follow, max-snippet:-1, max-image-preview:large, max-video-preview:-1",Sitemap | Tiny Steps Learning,"Tiny Steps public pages, programs, and crawl feeds",332,31421,200 indexable canonical page,200:https://tinystepslearning.com/sitemap
sitemap-static.xml,https://tinystepslearning.com/contact,200,200,https://tinystepslearning.com/contact,https://tinystepslearning.com/contact,"index, follow, max-snippet:-1, max-image-preview:large, max-video-preview:-1",Contact Us | Tiny Steps Learning,,68,15040,suspected soft-404 / thin page,200:https://tinystepslearning.com/contact
sitemap-static.xml,https://tinystepslearning.com/why-tiny-steps,200,200,https://tinystepslearning.com/why-tiny-steps,https://tinystepslearning.com/why-tiny-steps,"index, follow, max-snippet:-1, max-image-preview:large, max-video-preview:-1",Why Choose Tiny Steps Learning | Online English Classes for Kids,"Premium English learning built on phonics, grammar, and confidence",1143,66752,200 indexable canonical page,200:https://tinystepslearning.com/why-tiny-steps
sitemap-static.xml,https://tinystepslearning.com/learning-partner,200,200,https://tinystepslearning.com/learning-partner,https://tinystepslearning.com/learning-partner,"index, follow, max-snippet:-1, max-image-preview:large, max-video-preview:-1",Learning Partner Support | Tiny Steps Learning,A single point of support for every family,288,19964,200 indexable canonical page,200:https://tinystepslearning.com/learning-partner
sitemap-static.xml,https://tinystepslearning.com/team,200,200,https://tinystepslearning.com/team,https://tinystepslearning.com/team,"index, follow, max-snippet:-1, max-image-preview:large, max-video-preview:-1",Meet the Team | Tiny Steps Learning,Meet the Team,664,43609,200 indexable canonical page,200:https://tinystepslearning.com/team
sitemap-static.xml,https://tinystepslearning.com/class-samples,200,200,https://tinystepslearning.com/class-samples,https://tinystepslearning.com/class-samples,"index, follow, max-snippet:-1, max-image-preview:large, max-video-preview:-1",Real Class Sample Videos for Parents | Tiny Steps Learning,,68,14433,suspected soft-404 / thin page,200:https://tinystepslearning.com/class-samples
sitemap-static.xml,https://tinystepslearning.com/careers,200,200,https://tinystepslearning.com/careers,https://tinystepslearning.com/careers,"index, follow, max-snippet:-1, max-image-preview:large, max-video-preview:-1",Careers | Join the Tiny Steps Team,Join the Tiny Steps Team,721,37949,200 indexable canonical page,200:https://tinystepslearning.com/careers
sitemap-static.xml,https://tinystepslearning.com/courses,200,200,https://tinystepslearning.com/courses,https://tinystepslearning.com/courses,"index, follow, max-snippet:-1, max-image-preview:large, max-video-preview:-1","Online English Courses for Kids | Phonics, Grammar &amp; Speaking | Tiny Steps Learning",A Complete English Learning Journey for Your Child,630,47988,200 indexable canonical page,200:https://tinystepslearning.com/courses
sitemap-static.xml,https://tinystepslearning.com/curriculum,200,200,https://tinystepslearning.com/curriculum,https://tinystepslearning.com/curriculum,"index, follow, max-snippet:-1, max-image-preview:large, max-video-preview:-1",IB-Aligned English Curriculum | Tiny Steps Learning,Tiny Steps Curriculum (Ages 3–12),3181,89822,200 indexable canonical page,200:https://tinystepslearning.com/curriculum
sitemap-static.xml,https://tinystepslearning.com/privacy-policy,200,200,https://tinystepslearning.com/privacy-policy,https://tinystepslearning.com/privacy-policy,"index, follow, max-snippet:-1, max-image-preview:large, max-video-preview:-1",Privacy Policy | Tiny Steps Learning,Privacy Policy,803,27293,200 indexable canonical page,200:https://tinystepslearning.com/privacy-policy
sitemap-static.xml,https://tinystepslearning.com/faq,200,200,https://tinystepslearning.com/faq,https://tinystepslearning.com/faq,"index, follow, max-snippet:-1, max-image-preview:large, max-video-preview:-1",Frequently Asked Questions | Tiny Steps Learning,"Parent questions, clear answers, and the right next article",876,77570,200 indexable canonical page,200:https://tinystepslearning.com/faq
sitemap-static.xml,https://tinystepslearning.com/best-online-phonics-classes-india,200,200,https://tinystepslearning.com/best-online-phonics-classes-india,https://tinystepslearning.com/best-online-phonics-classes-india,"index, follow, max-snippet:-1, max-image-preview:large, max-video-preview:-1",Best Online Phonics Classes in India | Tiny Steps Learning,Best Online Phonics Classes in India,1508,56818,200 indexable canonical page,200:https://tinystepslearning.com/best-online-phonics-classes-india
sitemap-static.xml,https://tinystepslearning.com/online-phonics-reading-classes,301,200,https://tinystepslearning.com/phonics,https://tinystepslearning.com/phonics,"index, follow, max-snippet:-1, max-image-preview:large, max-video-preview:-1",Online Phonics Classes for Kids | Tiny Steps Learning,Phonics Classes for Kids,1491,59922,301/302 redirect,301:https://tinystepslearning.com/online-phonics-reading-classes -> https://tinystepslearning.com/phonics | 200:https://tinystepslearning.com/phonics
sitemap-static.xml,https://tinystepslearning.com/phonics-apps-for-preschoolers-india,200,200,https://tinystepslearning.com/phonics-apps-for-preschoolers-india,https://tinystepslearning.com/phonics-apps-for-preschoolers-india,"index, follow, max-snippet:-1, max-image-preview:large, max-video-preview:-1",Phonics Apps for Preschoolers in India | Tiny Steps Learning,Phonics Apps for Preschoolers in India,1018,34560,200 indexable canonical page,200:https://tinystepslearning.com/phonics-apps-for-preschoolers-india
sitemap-static.xml,https://tinystepslearning.com/phonics-games-for-preschoolers,200,200,https://tinystepslearning.com/phonics-games-for-preschoolers,https://tinystepslearning.com/phonics-games-for-preschoolers,"index, follow, max-snippet:-1, max-image-preview:large, max-video-preview:-1",Phonics Games for Preschoolers | Tiny Steps Learning,Phonics Games for Preschoolers,829,32382,200 indexable canonical page,200:https://tinystepslearning.com/phonics-games-for-preschoolers
sitemap-static.xml,https://tinystepslearning.com/phonics-learning-games,200,200,https://tinystepslearning.com/phonics-learning-games,https://tinystepslearning.com/phonics-learning-games,"index, follow, max-snippet:-1, max-image-preview:large, max-video-preview:-1",Phonics Practice Games for Kids | Tiny Steps Learning,Playful learning games that help children practice phonics with confidence.,909,41189,200 indexable canonical page,200:https://tinystepslearning.com/phonics-learning-games
sitemap-static.xml,https://tinystepslearning.com/summer-camps,200,200,https://tinystepslearning.com/summer-camps,https://tinystepslearning.com/summer-camps,"index, follow, max-snippet:-1, max-image-preview:large, max-video-preview:-1",Premium Online Summer Camp for Kids in India | Tiny Steps Learning,Premium Online Summer Camp for Kids Ages 4-12,2946,104383,200 indexable canonical page,200:https://tinystepslearning.com/summer-camps
sitemap-static.xml,https://tinystepslearning.com/phonics,200,200,https://tinystepslearning.com/phonics,https://tinystepslearning.com/phonics,"index, follow, max-snippet:-1, max-image-preview:large, max-video-preview:-1",Online Phonics Classes for Kids | Tiny Steps Learning,Phonics Classes for Kids,1491,59922,200 indexable canonical page,200:https://tinystepslearning.com/phonics
sitemap-static.xml,https://tinystepslearning.com/grammar,200,200,https://tinystepslearning.com/grammar,https://tinystepslearning.com/grammar,"index, follow, max-snippet:-1, max-image-preview:large, max-video-preview:-1",Online Grammar and Writing Classes for Kids | Tiny Steps Learning,Online Grammar and Writing Classes for Kids,958,47365,200 indexable canonical page,200:https://tinystepslearning.com/grammar
sitemap-static.xml,https://tinystepslearning.com/english-grammar-writing-classes,200,200,https://tinystepslearning.com/english-grammar-writing-classes,https://tinystepslearning.com/english-grammar-writing-classes,"index, follow, max-snippet:-1, max-image-preview:large, max-video-preview:-1",English Grammar &amp; Writing Classes for Kids | Tiny Steps Learning,English Grammar &amp; Writing Classes,811,39881,200 indexable canonical page,200:https://tinystepslearning.com/english-grammar-writing-classes
sitemap-static.xml,https://tinystepslearning.com/speaking,200,200,https://tinystepslearning.com/speaking,https://tinystepslearning.com/speaking,"index, follow, max-snippet:-1, max-image-preview:large, max-video-preview:-1",Online Public Speaking Classes for Kids | Tiny Steps Learning,Online Public Speaking Classes for Kids,931,47632,200 indexable canonical page,200:https://tinystepslearning.com/speaking
sitemap-static.xml,https://tinystepslearning.com/public-speaking-communication-kids,200,200,https://tinystepslearning.com/public-speaking-communication-kids,https://tinystepslearning.com/public-speaking-communication-kids,"index, follow, max-snippet:-1, max-image-preview:large, max-video-preview:-1",Public Speaking &amp; Communication Classes for Kids | Tiny Steps Learning,Public Speaking &amp; Communication Classes,781,39426,200 indexable canonical page,200:https://tinystepslearning.com/public-speaking-communication-kids
sitemap-static.xml,https://tinystepslearning.com/for-schools,200,200,https://tinystepslearning.com/for-schools,https://tinystepslearning.com/for-schools,"index, follow, max-snippet:-1, max-image-preview:large, max-video-preview:-1",English Program for Schools | Tiny Steps Learning,Tiny Steps for Schools &amp; Learning Centres,553,25887,200 indexable canonical page,200:https://tinystepslearning.com/for-schools
sitemap-static.xml,https://tinystepslearning.com/book-demo,200,200,https://tinystepslearning.com/book-demo,https://tinystepslearning.com/book-demo,"index, follow, max-snippet:-1, max-image-preview:large, max-video-preview:-1",Book Free Assessment Class | Tiny Steps Learning,Book Your Free Assessment Class,394,31806,200 indexable canonical page,200:https://tinystepslearning.com/book-demo
sitemap-static.xml,https://tinystepslearning.com/reading-classes-for-kids,200,200,https://tinystepslearning.com/reading-classes-for-kids,https://tinystepslearning.com/reading-classes-for-kids,"index, follow, max-snippet:-1, max-image-preview:large, max-video-preview:-1",Online Reading Classes for Kids | Tiny Steps Learning,Help Your Child Read Confidently and Fluently,516,26219,200 indexable canonical page,200:https://tinystepslearning.com/reading-classes-for-kids
sitemap-static.xml,https://tinystepslearning.com/spoken-english-classes-for-kids,200,200,https://tinystepslearning.com/spoken-english-classes-for-kids,https://tinystepslearning.com/spoken-english-classes-for-kids,"index, follow, max-snippet:-1, max-image-preview:large, max-video-preview:-1",Spoken English Classes for Kids India | Tiny Steps Learning,Help Your Child Speak English Clearly and Confidently,515,26544,200 indexable canonical page,200:https://tinystepslearning.com/spoken-english-classes-for-kids
sitemap-static.xml,https://tinystepslearning.com/writing-classes-for-kids,200,200,https://tinystepslearning.com/writing-classes-for-kids,https://tinystepslearning.com/writing-classes-for-kids,"index, follow, max-snippet:-1, max-image-preview:large, max-video-preview:-1",English Writing Classes for Kids | Tiny Steps Learning,English Writing Classes for Kids,468,24633,200 indexable canonical page,200:https://tinystepslearning.com/writing-classes-for-kids
sitemap-static.xml,https://tinystepslearning.com/phonics-fees-india,200,200,https://tinystepslearning.com/phonics-fees-india,https://tinystepslearning.com/phonics-fees-india,"index, follow, max-snippet:-1, max-image-preview:large, max-video-preview:-1",Phonics Class Fees in India | Tiny Steps Learning,Phonics Class Fees in India,507,24796,200 indexable canonical page,200:https://tinystepslearning.com/phonics-fees-india
sitemap-static.xml,https://tinystepslearning.com/online-english-classes-for-kids-india,200,200,https://tinystepslearning.com/online-english-classes-for-kids-india,https://tinystepslearning.com/online-english-classes-for-kids-india,"index, follow, max-snippet:-1, max-image-preview:large, max-video-preview:-1",Online English Classes for Kids India | Tiny Steps Learning,"Build Strong Reading, Writing, and Speaking Confidence",531,25903,200 indexable canonical page,200:https://tinystepslearning.com/online-english-classes-for-kids-india
sitemap-static.xml,https://tinystepslearning.com/english-classes-for-4-year-old,200,200,https://tinystepslearning.com/english-classes-for-4-year-old,https://tinystepslearning.com/english-classes-for-4-year-old,"index, follow, max-snippet:-1, max-image-preview:large, max-video-preview:-1",English Classes for 4 Year Old | Tiny Steps Learning,English Classes for 4 Year Old,465,24852,200 indexable canonical page,200:https://tinystepslearning.com/english-classes-for-4-year-old
sitemap-static.xml,https://tinystepslearning.com/english-classes-for-5-year-old,200,200,https://tinystepslearning.com/english-classes-for-5-year-old,https://tinystepslearning.com/english-classes-for-5-year-old,"index, follow, max-snippet:-1, max-image-preview:large, max-video-preview:-1",English Classes for 5 Year Old | Tiny Steps Learning,English Classes for 5 Year Old,452,24909,200 indexable canonical page,200:https://tinystepslearning.com/english-classes-for-5-year-old
sitemap-static.xml,https://tinystepslearning.com/english-classes-for-6-year-old,200,200,https://tinystepslearning.com/english-classes-for-6-year-old,https://tinystepslearning.com/english-classes-for-6-year-old,"index, follow, max-snippet:-1, max-image-preview:large, max-video-preview:-1",English Classes for 6 Year Old | Tiny Steps Learning,English Classes for 6 Year Old,471,24973,200 indexable canonical page,200:https://tinystepslearning.com/english-classes-for-6-year-old
sitemap-static.xml,https://tinystepslearning.com/english-classes-for-7-10-year-old,200,200,https://tinystepslearning.com/english-classes-for-7-10-year-old,https://tinystepslearning.com/english-classes-for-7-10-year-old,"index, follow, max-snippet:-1, max-image-preview:large, max-video-preview:-1",English Classes for 7 to 10 Year Old | Tiny Steps Learning,English Classes for 7 to 10 Year Old,496,25373,200 indexable canonical page,200:https://tinystepslearning.com/english-classes-for-7-10-year-old
sitemap-static.xml,https://tinystepslearning.com/child-not-reading-properly,200,200,https://tinystepslearning.com/child-not-reading-properly,https://tinystepslearning.com/child-not-reading-properly,"index, follow, max-snippet:-1, max-image-preview:large, max-video-preview:-1",Child Not Reading Properly? Parent Support Guide | Tiny Steps Learning,"If Your Child Is Struggling to Read, Support Is Available",575,25772,200 indexable canonical page,200:https://tinystepslearning.com/child-not-reading-properly
sitemap-static.xml,https://tinystepslearning.com/slow-reader-child-help,200,200,https://tinystepslearning.com/slow-reader-child-help,https://tinystepslearning.com/slow-reader-child-help,"index, follow, max-snippet:-1, max-image-preview:large, max-video-preview:-1",Slow Reader Child Help | Reading Fluency Support | Tiny Steps Learning,Slow Reader Child Help: Improve Pace and Fluency,491,25045,200 indexable canonical page,200:https://tinystepslearning.com/slow-reader-child-help
sitemap-static.xml,https://tinystepslearning.com/shy-child-speaking-confidence,200,200,https://tinystepslearning.com/shy-child-speaking-confidence,https://tinystepslearning.com/shy-child-speaking-confidence,"index, follow, max-snippet:-1, max-image-preview:large, max-video-preview:-1",Shy Child Speaking Confidence Help | Tiny Steps Learning,Shy Child Speaking Confidence,475,25098,200 indexable canonical page,200:https://tinystepslearning.com/shy-child-speaking-confidence
sitemap-static.xml,https://tinystepslearning.com/reading-fluency-program,200,200,https://tinystepslearning.com/reading-fluency-program,https://tinystepslearning.com/reading-fluency-program,"index, follow, max-snippet:-1, max-image-preview:large, max-video-preview:-1",Reading Fluency Program for Kids | Tiny Steps Learning,Reading Fluency Program for Kids,496,25173,200 indexable canonical page,200:https://tinystepslearning.com/reading-fluency-program
sitemap-static.xml,https://tinystepslearning.com/confidence-building-program-kids,200,200,https://tinystepslearning.com/confidence-building-program-kids,https://tinystepslearning.com/confidence-building-program-kids,"index, follow, max-snippet:-1, max-image-preview:large, max-video-preview:-1",Confidence Building Program for Kids | Tiny Steps Learning,Confidence Building Program for Kids,496,25419,200 indexable canonical page,200:https://tinystepslearning.com/confidence-building-program-kids
sitemap-static.xml,https://tinystepslearning.com/english-foundation-program,200,200,https://tinystepslearning.com/english-foundation-program,https://tinystepslearning.com/english-foundation-program,"index, follow, max-snippet:-1, max-image-preview:large, max-video-preview:-1",English Foundation Program for Kids | Tiny Steps Learning,English Foundation Program for Kids,509,26525,200 indexable canonical page,200:https://tinystepslearning.com/english-foundation-program
sitemap-static.xml,https://tinystepslearning.com/summer-camp-for-kids-india,200,200,https://tinystepslearning.com/summer-camp-for-kids-india,https://tinystepslearning.com/summer-camp-for-kids-india,"index, follow, max-snippet:-1, max-image-preview:large, max-video-preview:-1",Summer Camp for Kids India (Parent Planning Guide) | Tiny Steps Learning,Summer Camp for Kids India: Parent Planning Guide,586,26822,200 indexable canonical page,200:https://tinystepslearning.com/summer-camp-for-kids-india
sitemap-static.xml,https://tinystepslearning.com/summer-reading-program-kids,200,200,https://tinystepslearning.com/summer-reading-program-kids,https://tinystepslearning.com/summer-reading-program-kids,"index, follow, max-snippet:-1, max-image-preview:large, max-video-preview:-1",Summer Reading Program for Kids | Tiny Steps Learning,Summer Reading Program for Kids,522,26484,200 indexable canonical page,200:https://tinystepslearning.com/summer-reading-program-kids
sitemap-static.xml,https://tinystepslearning.com/summer-speaking-camp-kids,200,200,https://tinystepslearning.com/summer-speaking-camp-kids,https://tinystepslearning.com/summer-speaking-camp-kids,"index, follow, max-snippet:-1, max-image-preview:large, max-video-preview:-1",Summer Speaking Camp for Kids | Tiny Steps Learning,Summer Speaking Camp for Kids,508,26393,200 indexable canonical page,200:https://tinystepslearning.com/summer-speaking-camp-kids
sitemap-blog.xml,https://tinystepslearning.com/blog/best-online-phonics-classes-for-kids,200,200,https://tinystepslearning.com/blog/best-online-phonics-classes-for-kids,https://tinystepslearning.com/blog/best-online-phonics-classes-for-kids,"index, follow, max-snippet:-1, max-image-preview:large, max-video-preview:-1",Best Online Phonics Classes for Kids: What Parents Should Check First | Tiny Steps Blog,Best Online Phonics Classes for Kids: What Parents Should Check First,1419,54741,200 indexable canonical page,200:https://tinystepslearning.com/blog/best-online-phonics-classes-for-kids
sitemap-blog.xml,https://tinystepslearning.com/blog/how-phonics-classes-help-kids-read,200,200,https://tinystepslearning.com/blog/how-phonics-classes-help-kids-read,https://tinystepslearning.com/blog/how-phonics-classes-help-kids-read,"index, follow, max-snippet:-1, max-image-preview:large, max-video-preview:-1",Why Kids Struggle With Reading—and How Phonics Helps | Tiny Steps Blog,Why Kids Struggle With Reading—and How Phonics Helps,1439,55358,200 indexable canonical page,200:https://tinystepslearning.com/blog/how-phonics-classes-help-kids-read
sitemap-blog.xml,https://tinystepslearning.com/blog/benefits-of-phonics-for-kids,200,200,https://tinystepslearning.com/blog/benefits-of-phonics-for-kids,https://tinystepslearning.com/blog/benefits-of-phonics-for-kids,"index, follow, max-snippet:-1, max-image-preview:large, max-video-preview:-1",Top 7 Benefits of Phonics Classes for Kids | Tiny Steps Blog,Top 7 Benefits of Phonics Classes for Kids,1323,53317,200 indexable canonical page,200:https://tinystepslearning.com/blog/benefits-of-phonics-for-kids
sitemap-blog.xml,https://tinystepslearning.com/blog/what-age-to-start-phonics,200,200,https://tinystepslearning.com/blog/what-age-to-start-phonics,https://tinystepslearning.com/blog/what-age-to-start-phonics,"index, follow, max-snippet:-1, max-image-preview:large, max-video-preview:-1",What Is the Right Age to Start Phonics? A Parent Readiness Guide | Tiny Steps Blog,What Is the Right Age to Start Phonics? A Parent Readiness Guide,1448,55287,200 indexable canonical page,200:https://tinystepslearning.com/blog/what-age-to-start-phonics
sitemap-blog.xml,https://tinystepslearning.com/blog/how-to-choose-phonics-classes,200,200,https://tinystepslearning.com/blog/how-to-choose-phonics-classes,https://tinystepslearning.com/blog/how-to-choose-phonics-classes,"index, follow, max-snippet:-1, max-image-preview:large, max-video-preview:-1",How to Choose the Best Phonics Classes for Your Child | Tiny Steps Blog,How to Choose the Best Phonics Classes for Your Child,1324,53292,200 indexable canonical page,200:https://tinystepslearning.com/blog/how-to-choose-phonics-classes
sitemap-blog.xml,https://tinystepslearning.com/blog/synthetic-phonics-vs-traditional-reading,200,200,https://tinystepslearning.com/blog/synthetic-phonics-vs-traditional-reading,https://tinystepslearning.com/blog/synthetic-phonics-vs-traditional-reading,"index, follow, max-snippet:-1, max-image-preview:large, max-video-preview:-1",What Is Synthetic Phonics? A Parent Guide With Clear Method Comparison | Tiny Steps Blog,What Is Synthetic Phonics? A Parent Guide With Clear Method Comparison,1429,55628,200 indexable canonical page,200:https://tinystepslearning.com/blog/synthetic-phonics-vs-traditional-reading
sitemap-blog.xml,https://tinystepslearning.com/blog/online-phonics-classes-vs-school,200,200,https://tinystepslearning.com/blog/online-phonics-classes-vs-school,https://tinystepslearning.com/blog/online-phonics-classes-vs-school,"index, follow, max-snippet:-1, max-image-preview:large, max-video-preview:-1",Online vs Offline (School) Phonics Classes: What Works Better for Your Child? | Tiny Steps Blog,Online vs Offline (School) Phonics Classes: What Works Better for Your Child?,1450,55661,200 indexable canonical page,200:https://tinystepslearning.com/blog/online-phonics-classes-vs-school
sitemap-blog.xml,https://tinystepslearning.com/blog/how-long-does-phonics-take,200,200,https://tinystepslearning.com/blog/how-long-does-phonics-take,https://tinystepslearning.com/blog/how-long-does-phonics-take,"index, follow, max-snippet:-1, max-image-preview:large, max-video-preview:-1",How Long Does It Take for a Child to Learn Phonics? | Tiny Steps Blog,How Long Does It Take for a Child to Learn Phonics?,1332,53316,200 indexable canonical page,200:https://tinystepslearning.com/blog/how-long-does-phonics-take
sitemap-blog.xml,https://tinystepslearning.com/blog/what-is-phonics-for-kids,200,200,https://tinystepslearning.com/blog/what-is-phonics-for-kids,https://tinystepslearning.com/blog/what-is-phonics-for-kids,"index, follow, max-snippet:-1, max-image-preview:large, max-video-preview:-1",What Is Phonics for Kids? A Simple Parent Guide | Tiny Steps Blog,What Is Phonics for Kids? A Simple Parent Guide,1358,53922,200 indexable canonical page,200:https://tinystepslearning.com/blog/what-is-phonics-for-kids
sitemap-blog.xml,https://tinystepslearning.com/blog/how-phonics-builds-reading-confidence,200,200,https://tinystepslearning.com/blog/how-phonics-builds-reading-confidence,https://tinystepslearning.com/blog/how-phonics-builds-reading-confidence,"index, follow, max-snippet:-1, max-image-preview:large, max-video-preview:-1",How Phonics Helps Children Become Confident Readers | Tiny Steps Blog,How Phonics Helps Children Become Confident Readers,1334,53515,200 indexable canonical page,200:https://tinystepslearning.com/blog/how-phonics-builds-reading-confidence
sitemap-blog.xml,https://tinystepslearning.com/blog/phonics-rules-for-beginners,200,200,https://tinystepslearning.com/blog/phonics-rules-for-beginners,https://tinystepslearning.com/blog/phonics-rules-for-beginners,"index, follow, max-snippet:-1, max-image-preview:large, max-video-preview:-1",Common Phonics Rules Every Child Should Learn | Tiny Steps Blog,Common Phonics Rules Every Child Should Learn,1317,53271,200 indexable canonical page,200:https://tinystepslearning.com/blog/phonics-rules-for-beginners
sitemap-blog.xml,https://tinystepslearning.com/blog/how-phonics-improves-spelling,200,200,https://tinystepslearning.com/blog/how-phonics-improves-spelling,https://tinystepslearning.com/blog/how-phonics-improves-spelling,"index, follow, max-snippet:-1, max-image-preview:large, max-video-preview:-1",How Phonics Improves Spelling and Reading Skills | Tiny Steps Blog,How Phonics Improves Spelling and Reading Skills,1311,53263,200 indexable canonical page,200:https://tinystepslearning.com/blog/how-phonics-improves-spelling
sitemap-blog.xml,https://tinystepslearning.com/blog/science-of-phonics-learning,200,200,https://tinystepslearning.com/blog/science-of-phonics-learning,https://tinystepslearning.com/blog/science-of-phonics-learning,"index, follow, max-snippet:-1, max-image-preview:large, max-video-preview:-1",Phonics vs Sight Words and Traditional Reading: A Calm Parent Decision Guide | Tiny Steps Blog,Phonics vs Sight Words and Traditional Reading: A Calm Parent Decision Guide,1493,56032,200 indexable canonical page,200:https://tinystepslearning.com/blog/science-of-phonics-learning
sitemap-blog.xml,https://tinystepslearning.com/blog/phonics-activities-for-kids-at-home,200,200,https://tinystepslearning.com/blog/phonics-activities-for-kids-at-home,https://tinystepslearning.com/blog/phonics-activities-for-kids-at-home,"index, follow, max-snippet:-1, max-image-preview:large, max-video-preview:-1",How to Teach Phonics at Home: 10 Activities That Build Reading | Tiny Steps Blog,How to Teach Phonics at Home: 10 Activities That Build Reading,1419,54978,200 indexable canonical page,200:https://tinystepslearning.com/blog/phonics-activities-for-kids-at-home
sitemap-blog.xml,https://tinystepslearning.com/blog/phonics-games-for-letter-sounds,200,200,https://tinystepslearning.com/blog/phonics-games-for-letter-sounds,https://tinystepslearning.com/blog/phonics-games-for-letter-sounds,"index, follow, max-snippet:-1, max-image-preview:large, max-video-preview:-1",Phonics Games That Help Kids Learn Letter Sounds | Tiny Steps Blog,Phonics Games That Help Kids Learn Letter Sounds,1328,53201,200 indexable canonical page,200:https://tinystepslearning.com/blog/phonics-games-for-letter-sounds
sitemap-blog.xml,https://tinystepslearning.com/blog/phonics-blending-activities,200,200,https://tinystepslearning.com/blog/phonics-blending-activities,https://tinystepslearning.com/blog/phonics-blending-activities,"index, follow, max-snippet:-1, max-image-preview:large, max-video-preview:-1",Simple Blending Activities to Teach Kids Reading | Tiny Steps Blog,Simple Blending Activities to Teach Kids Reading,1343,53432,200 indexable canonical page,200:https://tinystepslearning.com/blog/phonics-blending-activities
sitemap-blog.xml,https://tinystepslearning.com/blog/cvc-words-explained-for-parents,200,200,https://tinystepslearning.com/blog/cvc-words-explained-for-parents,https://tinystepslearning.com/blog/cvc-words-explained-for-parents,"index, follow, max-snippet:-1, max-image-preview:large, max-video-preview:-1",CVC Words Explained for Parents | Tiny Steps Blog,CVC Words Explained for Parents,1388,53653,200 indexable canonical page,200:https://tinystepslearning.com/blog/cvc-words-explained-for-parents
sitemap-blog.xml,https://tinystepslearning.com/blog/online-phonics-games,200,200,https://tinystepslearning.com/blog/online-phonics-games,https://tinystepslearning.com/blog/online-phonics-games,"index, follow, max-snippet:-1, max-image-preview:large, max-video-preview:-1",Fun Phonics Games for Online Learning | Tiny Steps Blog,Fun Phonics Games for Online Learning,1312,52961,200 indexable canonical page,200:https://tinystepslearning.com/blog/online-phonics-games
sitemap-blog.xml,https://tinystepslearning.com/blog/satpin-phonics-guide,200,200,https://tinystepslearning.com/blog/satpin-phonics-guide,https://tinystepslearning.com/blog/satpin-phonics-guide,"index, follow, max-snippet:-1, max-image-preview:large, max-video-preview:-1",SATPIN Phonics Explained for Parents | Tiny Steps Blog,SATPIN Phonics Explained for Parents,1364,53482,200 indexable canonical page,200:https://tinystepslearning.com/blog/satpin-phonics-guide
sitemap-blog.xml,https://tinystepslearning.com/blog/how-kids-learn-blending,200,200,https://tinystepslearning.com/blog/how-kids-learn-blending,https://tinystepslearning.com/blog/how-kids-learn-blending,"index, follow, max-snippet:-1, max-image-preview:large, max-video-preview:-1",How Kids Learn to Blend Sounds in Phonics | Tiny Steps Blog,How Kids Learn to Blend Sounds in Phonics,1357,53632,200 indexable canonical page,200:https://tinystepslearning.com/blog/how-kids-learn-blending
sitemap-blog.xml,https://tinystepslearning.com/blog/digraphs-and-tricky-words,200,200,https://tinystepslearning.com/blog/digraphs-and-tricky-words,https://tinystepslearning.com/blog/digraphs-and-tricky-words,"index, follow, max-snippet:-1, max-image-preview:large, max-video-preview:-1",Understanding Digraphs and Tricky Words | Tiny Steps Blog,Understanding Digraphs and Tricky Words,1311,52917,200 indexable canonical page,200:https://tinystepslearning.com/blog/digraphs-and-tricky-words
sitemap-blog.xml,https://tinystepslearning.com/blog/long-vowel-sounds-for-kids,200,200,https://tinystepslearning.com/blog/long-vowel-sounds-for-kids,https://tinystepslearning.com/blog/long-vowel-sounds-for-kids,"index, follow, max-snippet:-1, max-image-preview:large, max-video-preview:-1",Long Vowel Sounds Explained for Kids | Tiny Steps Blog,Long Vowel Sounds Explained for Kids,1303,53004,200 indexable canonical page,200:https://tinystepslearning.com/blog/long-vowel-sounds-for-kids
sitemap-blog.xml,https://tinystepslearning.com/blog/r-controlled-vowels-explained,200,200,https://tinystepslearning.com/blog/r-controlled-vowels-explained,https://tinystepslearning.com/blog/r-controlled-vowels-explained,"index, follow, max-snippet:-1, max-image-preview:large, max-video-preview:-1",R-Controlled Vowels Made Easy for Children | Tiny Steps Blog,R-Controlled Vowels Made Easy for Children,1347,53602,200 indexable canonical page,200:https://tinystepslearning.com/blog/r-controlled-vowels-explained
sitemap-blog.xml,https://tinystepslearning.com/blog/why-parents-choose-online-phonics,200,200,https://tinystepslearning.com/blog/why-parents-choose-online-phonics,https://tinystepslearning.com/blog/why-parents-choose-online-phonics,"index, follow, max-snippet:-1, max-image-preview:large, max-video-preview:-1",Why Parents Prefer Online Phonics Classes Today | Tiny Steps Blog,Why Parents Prefer Online Phonics Classes Today,1341,53395,200 indexable canonical page,200:https://tinystepslearning.com/blog/why-parents-choose-online-phonics
sitemap-blog.xml,https://tinystepslearning.com/blog/how-tiny-steps-builds-reading-confidence,200,200,https://tinystepslearning.com/blog/how-tiny-steps-builds-reading-confidence,https://tinystepslearning.com/blog/how-tiny-steps-builds-reading-confidence,"index, follow, max-snippet:-1, max-image-preview:large, max-video-preview:-1",How Tiny Steps Helps Kids Become Confident Readers | Tiny Steps Blog,How Tiny Steps Helps Kids Become Confident Readers,1333,53649,200 indexable canonical page,200:https://tinystepslearning.com/blog/how-tiny-steps-builds-reading-confidence
sitemap-blog.xml,https://tinystepslearning.com/blog/week-1-phonics-satpin-launch,200,200,https://tinystepslearning.com/blog/week-1-phonics-satpin-launch,https://tinystepslearning.com/blog/week-1-phonics-satpin-launch,"index, follow, max-snippet:-1, max-image-preview:large, max-video-preview:-1",SATPIN for Parents: A Research-Backed Week 1 Launch Plan for Confident Readers | Tiny Steps Blog,SATPIN for Parents: A Research-Backed Week 1 Launch Plan for Confident Readers,2266,68815,200 indexable canonical page,200:https://tinystepslearning.com/blog/week-1-phonics-satpin-launch
sitemap-blog.xml,https://tinystepslearning.com/blog/week-2-phonics-blending-club,200,200,https://tinystepslearning.com/blog/week-2-phonics-blending-club,https://tinystepslearning.com/blog/week-2-phonics-blending-club,"index, follow, max-snippet:-1, max-image-preview:large, max-video-preview:-1",Week 2: Build a Blending Club at Home | Tiny Steps Blog,Week 2: Build a Blending Club at Home,2353,66574,200 indexable canonical page,200:https://tinystepslearning.com/blog/week-2-phonics-blending-club
sitemap-blog.xml,https://tinystepslearning.com/blog/online-english-classes-for-kids-india,200,200,https://tinystepslearning.com/blog/online-english-classes-for-kids-india,https://tinystepslearning.com/blog/online-english-classes-for-kids-india,"index, follow, max-snippet:-1, max-image-preview:large, max-video-preview:-1",Online English classes for kids in India: how to choose the right program (ages 3–12) | Tiny Steps Blog,Online English classes for kids in India: how to choose the right program (ages 3–12),1041,43974,200 indexable canonical page,200:https://tinystepslearning.com/blog/online-english-classes-for-kids-india
sitemap-blog.xml,https://tinystepslearning.com/blog/best-phonics-classes-for-kids,200,200,https://tinystepslearning.com/blog/best-phonics-classes-for-kids,https://tinystepslearning.com/blog/best-phonics-classes-for-kids,"index, follow, max-snippet:-1, max-image-preview:large, max-video-preview:-1",Best phonics classes for kids: the parent checklist (plus a 10-minute daily routine) | Tiny Steps Blog,Best phonics classes for kids: the parent checklist (plus a 10-minute daily routine),984,43643,200 indexable canonical page,200:https://tinystepslearning.com/blog/best-phonics-classes-for-kids
sitemap-blog.xml,https://tinystepslearning.com/blog/spoken-english-classes-for-kids-confidence,200,200,https://tinystepslearning.com/blog/spoken-english-classes-for-kids-confidence,https://tinystepslearning.com/blog/spoken-english-classes-for-kids-confidence,"index, follow, max-snippet:-1, max-image-preview:large, max-video-preview:-1",Spoken English classes for kids: a simple confidence plan for shy children (ages 4–12) | Tiny Steps Blog,Spoken English classes for kids: a simple confidence plan for shy children (ages 4–12),831,40914,200 indexable canonical page,200:https://tinystepslearning.com/blog/spoken-english-classes-for-kids-confidence
sitemap-blog.xml,https://tinystepslearning.com/blog/week-3-phonics-tricky-words,200,200,https://tinystepslearning.com/blog/week-3-phonics-tricky-words,https://tinystepslearning.com/blog/week-3-phonics-tricky-words,"index, follow, max-snippet:-1, max-image-preview:large, max-video-preview:-1",Week 3: Introduce Tricky Words the Smart Way | Tiny Steps Blog,Week 3: Introduce Tricky Words the Smart Way,2118,62873,200 indexable canonical page,200:https://tinystepslearning.com/blog/week-3-phonics-tricky-words
sitemap-blog.xml,https://tinystepslearning.com/blog/week-4-phonics-long-vowels,200,200,https://tinystepslearning.com/blog/week-4-phonics-long-vowels,https://tinystepslearning.com/blog/week-4-phonics-long-vowels,"index, follow, max-snippet:-1, max-image-preview:large, max-video-preview:-1",Week 4: Long Vowel Patterns Without Tears | Tiny Steps Blog,Week 4: Long Vowel Patterns Without Tears,2156,62682,200 indexable canonical page,200:https://tinystepslearning.com/blog/week-4-phonics-long-vowels
sitemap-blog.xml,https://tinystepslearning.com/blog/week-5-phonics-r-controlled,200,200,https://tinystepslearning.com/blog/week-5-phonics-r-controlled,https://tinystepslearning.com/blog/week-5-phonics-r-controlled,"index, follow, max-snippet:-1, max-image-preview:large, max-video-preview:-1",Week 5: R-Controlled Vowels Made Simple | Tiny Steps Blog,Week 5: R-Controlled Vowels Made Simple,2237,64642,200 indexable canonical page,200:https://tinystepslearning.com/blog/week-5-phonics-r-controlled
sitemap-blog.xml,https://tinystepslearning.com/blog/week-6-phonics-comprehension,200,200,https://tinystepslearning.com/blog/week-6-phonics-comprehension,https://tinystepslearning.com/blog/week-6-phonics-comprehension,"index, follow, max-snippet:-1, max-image-preview:large, max-video-preview:-1",Week 6: From Sounding Out to Understanding | Tiny Steps Blog,Week 6: From Sounding Out to Understanding,2059,62269,200 indexable canonical page,200:https://tinystepslearning.com/blog/week-6-phonics-comprehension
sitemap-blog.xml,https://tinystepslearning.com/blog/week-7-grammar-nouns-to-paragraphs,200,200,https://tinystepslearning.com/blog/week-7-grammar-nouns-to-paragraphs,https://tinystepslearning.com/blog/week-7-grammar-nouns-to-paragraphs,"index, follow, max-snippet:-1, max-image-preview:large, max-video-preview:-1",Grammar Basics Roadmap: Nouns to Paragraphs in 7 Days (Ages 3-10) | Tiny Steps Blog,Grammar Basics Roadmap: Nouns to Paragraphs in 7 Days (Ages 3-10),2599,81379,200 indexable canonical page,200:https://tinystepslearning.com/blog/week-7-grammar-nouns-to-paragraphs
sitemap-blog.xml,https://tinystepslearning.com/blog/week-8-grammar-tenses,200,200,https://tinystepslearning.com/blog/week-8-grammar-tenses,https://tinystepslearning.com/blog/week-8-grammar-tenses,"index, follow, max-snippet:-1, max-image-preview:large, max-video-preview:-1",Week 8: Tenses Without Tears | Tiny Steps Blog,Week 8: Tenses Without Tears,2059,62126,200 indexable canonical page,200:https://tinystepslearning.com/blog/week-8-grammar-tenses
sitemap-blog.xml,https://tinystepslearning.com/blog/week-9-grammar-conjunctions,200,200,https://tinystepslearning.com/blog/week-9-grammar-conjunctions,https://tinystepslearning.com/blog/week-9-grammar-conjunctions,"index, follow, max-snippet:-1, max-image-preview:large, max-video-preview:-1",Week 9: Conjunction Toolkits | Tiny Steps Blog,Week 9: Conjunction Toolkits,2041,61987,200 indexable canonical page,200:https://tinystepslearning.com/blog/week-9-grammar-conjunctions
sitemap-blog.xml,https://tinystepslearning.com/blog/week-10-grammar-subject-verb,200,200,https://tinystepslearning.com/blog/week-10-grammar-subject-verb,https://tinystepslearning.com/blog/week-10-grammar-subject-verb,"index, follow, max-snippet:-1, max-image-preview:large, max-video-preview:-1",Week 10: Subject-Verb Agreement Rescue Plan | Tiny Steps Blog,Week 10: Subject-Verb Agreement Rescue Plan,2075,62546,200 indexable canonical page,200:https://tinystepslearning.com/blog/week-10-grammar-subject-verb
sitemap-blog.xml,https://tinystepslearning.com/blog/week-11-grammar-creative-writing,200,200,https://tinystepslearning.com/blog/week-11-grammar-creative-writing,https://tinystepslearning.com/blog/week-11-grammar-creative-writing,"index, follow, max-snippet:-1, max-image-preview:large, max-video-preview:-1",Week 11: Creative Writing Scaffolds for Ages 8–10 | Tiny Steps Blog,Week 11: Creative Writing Scaffolds for Ages 8–10,2413,66936,200 indexable canonical page,200:https://tinystepslearning.com/blog/week-11-grammar-creative-writing
sitemap-blog.xml,https://tinystepslearning.com/blog/week-12-speaking-confidence-seeds,200,200,https://tinystepslearning.com/blog/week-12-speaking-confidence-seeds,https://tinystepslearning.com/blog/week-12-speaking-confidence-seeds,"index, follow, max-snippet:-1, max-image-preview:large, max-video-preview:-1",Speaking Confidence Roadmap: A 7-Day Calm Plan for Kids (Ages 3-10) | Tiny Steps Blog,Speaking Confidence Roadmap: A 7-Day Calm Plan for Kids (Ages 3-10),2694,84793,200 indexable canonical page,200:https://tinystepslearning.com/blog/week-12-speaking-confidence-seeds
sitemap-blog.xml,https://tinystepslearning.com/blog/week-13-speaking-structure,200,200,https://tinystepslearning.com/blog/week-13-speaking-structure,https://tinystepslearning.com/blog/week-13-speaking-structure,"index, follow, max-snippet:-1, max-image-preview:large, max-video-preview:-1",Week 13: Hook-Body-Close for Kids | Tiny Steps Blog,Week 13: Hook-Body-Close for Kids,2110,62158,200 indexable canonical page,200:https://tinystepslearning.com/blog/week-13-speaking-structure
sitemap-blog.xml,https://tinystepslearning.com/blog/week-14-speaking-visual-aids,200,200,https://tinystepslearning.com/blog/week-14-speaking-visual-aids,https://tinystepslearning.com/blog/week-14-speaking-visual-aids,"index, follow, max-snippet:-1, max-image-preview:large, max-video-preview:-1",Week 14: Visual Aids That Wow | Tiny Steps Blog,Week 14: Visual Aids That Wow,2071,61431,200 indexable canonical page,200:https://tinystepslearning.com/blog/week-14-speaking-visual-aids
sitemap-blog.xml,https://tinystepslearning.com/blog/week-15-speaking-debate-starters,200,200,https://tinystepslearning.com/blog/week-15-speaking-debate-starters,https://tinystepslearning.com/blog/week-15-speaking-debate-starters,"index, follow, max-snippet:-1, max-image-preview:large, max-video-preview:-1",Week 15: Debate Starters for Tweens | Tiny Steps Blog,Week 15: Debate Starters for Tweens,2028,61638,200 indexable canonical page,200:https://tinystepslearning.com/blog/week-15-speaking-debate-starters
sitemap-blog.xml,https://tinystepslearning.com/blog/week-16-phonics-summer-plan,200,200,https://tinystepslearning.com/blog/week-16-phonics-summer-plan,https://tinystepslearning.com/blog/week-16-phonics-summer-plan,"index, follow, max-snippet:-1, max-image-preview:large, max-video-preview:-1",Week 16: Summer Phonics Booster Schedule | Tiny Steps Blog,Week 16: Summer Phonics Booster Schedule,1982,60862,200 indexable canonical page,200:https://tinystepslearning.com/blog/week-16-phonics-summer-plan
sitemap-blog.xml,https://tinystepslearning.com/blog/week-17-grammar-assessment,200,200,https://tinystepslearning.com/blog/week-17-grammar-assessment,https://tinystepslearning.com/blog/week-17-grammar-assessment,"index, follow, max-snippet:-1, max-image-preview:large, max-video-preview:-1",Week 17: DIY Grammar Assessment for Parents | Tiny Steps Blog,Week 17: DIY Grammar Assessment for Parents,2013,61261,200 indexable canonical page,200:https://tinystepslearning.com/blog/week-17-grammar-assessment
sitemap-blog.xml,https://tinystepslearning.com/blog/week-18-speaking-video-feedback,200,200,https://tinystepslearning.com/blog/week-18-speaking-video-feedback,https://tinystepslearning.com/blog/week-18-speaking-video-feedback,"index, follow, max-snippet:-1, max-image-preview:large, max-video-preview:-1",Week 18: Use Video for Instant Speaking Feedback | Tiny Steps Blog,Week 18: Use Video for Instant Speaking Feedback,2002,61152,200 indexable canonical page,200:https://tinystepslearning.com/blog/week-18-speaking-video-feedback
sitemap-blog.xml,https://tinystepslearning.com/blog/week-19-phonics-multisyllabic,200,200,https://tinystepslearning.com/blog/week-19-phonics-multisyllabic,https://tinystepslearning.com/blog/week-19-phonics-multisyllabic,"index, follow, max-snippet:-1, max-image-preview:large, max-video-preview:-1",Week 19: Multisyllabic Word Play | Tiny Steps Blog,Week 19: Multisyllabic Word Play,1869,59960,200 indexable canonical page,200:https://tinystepslearning.com/blog/week-19-phonics-multisyllabic
sitemap-blog.xml,https://tinystepslearning.com/blog/week-20-grammar-editing-camp,200,200,https://tinystepslearning.com/blog/week-20-grammar-editing-camp,https://tinystepslearning.com/blog/week-20-grammar-editing-camp,"index, follow, max-snippet:-1, max-image-preview:large, max-video-preview:-1",Week 20: Editing Camp at Home | Tiny Steps Blog,Week 20: Editing Camp at Home,1999,61381,200 indexable canonical page,200:https://tinystepslearning.com/blog/week-20-grammar-editing-camp
sitemap-blog.xml,https://tinystepslearning.com/blog/week-21-speaking-competition-prep,200,200,https://tinystepslearning.com/blog/week-21-speaking-competition-prep,https://tinystepslearning.com/blog/week-21-speaking-competition-prep,"index, follow, max-snippet:-1, max-image-preview:large, max-video-preview:-1",Week 21: Competition Prep Checklist | Tiny Steps Blog,Week 21: Competition Prep Checklist,1953,61085,200 indexable canonical page,200:https://tinystepslearning.com/blog/week-21-speaking-competition-prep
sitemap-blog.xml,https://tinystepslearning.com/blog/week-22-phonics-diagnostics,200,200,https://tinystepslearning.com/blog/week-22-phonics-diagnostics,https://tinystepslearning.com/blog/week-22-phonics-diagnostics,"index, follow, max-snippet:-1, max-image-preview:large, max-video-preview:-1",Week 22: Diagnostic Checklist Before a New Term | Tiny Steps Blog,Week 22: Diagnostic Checklist Before a New Term,1909,60120,200 indexable canonical page,200:https://tinystepslearning.com/blog/week-22-phonics-diagnostics
sitemap-blog.xml,https://tinystepslearning.com/blog/week-23-grammar-speaking-bridge,200,200,https://tinystepslearning.com/blog/week-23-grammar-speaking-bridge,https://tinystepslearning.com/blog/week-23-grammar-speaking-bridge,"index, follow, max-snippet:-1, max-image-preview:large, max-video-preview:-1",Week 23: Bridge Grammar &amp; Speaking with Story Cards | Tiny Steps Blog,Week 23: Bridge Grammar &amp; Speaking with Story Cards,2021,61250,200 indexable canonical page,200:https://tinystepslearning.com/blog/week-23-grammar-speaking-bridge
sitemap-blog.xml,https://tinystepslearning.com/blog/week-24-speaking-family-showcase,200,200,https://tinystepslearning.com/blog/week-24-speaking-family-showcase,https://tinystepslearning.com/blog/week-24-speaking-family-showcase,"index, follow, max-snippet:-1, max-image-preview:large, max-video-preview:-1",Week 24: Host a Family Showcase Night | Tiny Steps Blog,Week 24: Host a Family Showcase Night,1894,59903,200 indexable canonical page,200:https://tinystepslearning.com/blog/week-24-speaking-family-showcase
sitemap-blog.xml,https://tinystepslearning.com/blog/week-25-back-to-school-plan,200,200,https://tinystepslearning.com/blog/week-25-back-to-school-plan,https://tinystepslearning.com/blog/week-25-back-to-school-plan,"index, follow, max-snippet:-1, max-image-preview:large, max-video-preview:-1",Week 25: Back-to-School English Confidence Plan | Tiny Steps Blog,Week 25: Back-to-School English Confidence Plan,1906,62274,200 indexable canonical page,200:https://tinystepslearning.com/blog/week-25-back-to-school-plan
sitemap-blog.xml,https://tinystepslearning.com/blog/week-26-screen-smart-summer-routine,200,200,https://tinystepslearning.com/blog/week-26-screen-smart-summer-routine,https://tinystepslearning.com/blog/week-26-screen-smart-summer-routine,"index, follow, max-snippet:-1, max-image-preview:large, max-video-preview:-1",Week 26: Screen-Smart Summer Routine for Kids (Ages 3-12) | Tiny Steps Blog,Week 26: Screen-Smart Summer Routine for Kids (Ages 3-12),1737,58587,200 indexable canonical page,200:https://tinystepslearning.com/blog/week-26-screen-smart-summer-routine
sitemap-blog.xml,https://tinystepslearning.com/blog/week-27-prevent-summer-slide-reading,200,200,https://tinystepslearning.com/blog/week-27-prevent-summer-slide-reading,https://tinystepslearning.com/blog/week-27-prevent-summer-slide-reading,"index, follow, max-snippet:-1, max-image-preview:large, max-video-preview:-1",Week 27: How to Prevent the Summer Slide in Reading (10-Minute Daily Plan) | Tiny Steps Blog,Week 27: How to Prevent the Summer Slide in Reading (10-Minute Daily Plan),1651,57631,200 indexable canonical page,200:https://tinystepslearning.com/blog/week-27-prevent-summer-slide-reading
sitemap-blog.xml,https://tinystepslearning.com/blog/phonics-for-parents-guide,200,200,https://tinystepslearning.com/blog/phonics-for-parents-guide,https://tinystepslearning.com/blog/phonics-for-parents-guide,"index, follow, max-snippet:-1, max-image-preview:large, max-video-preview:-1","Phonics for Parents: What It Is, Why It Matters, and How to Teach It at Home | Tiny Steps Blog","Phonics for Parents: What It Is, Why It Matters, and How to Teach It at Home",2777,85648,200 indexable canonical page,200:https://tinystepslearning.com/blog/phonics-for-parents-guide
sitemap-courses.xml,https://tinystepslearning.com/courses/phonics-foundation,200,200,https://tinystepslearning.com/courses/phonics-foundation,https://tinystepslearning.com/courses/phonics-foundation,"index, follow",Phonics Foundations | Tiny Steps,Phonics Foundations,803,36317,200 indexable canonical page,200:https://tinystepslearning.com/courses/phonics-foundation
sitemap-courses.xml,https://tinystepslearning.com/courses/phonics-brush-up,200,200,https://tinystepslearning.com/courses/phonics-brush-up,https://tinystepslearning.com/courses/phonics-brush-up,"index, follow",Early Phonics | Tiny Steps,Early Phonics,932,36756,200 indexable canonical page,200:https://tinystepslearning.com/courses/phonics-brush-up
sitemap-courses.xml,https://tinystepslearning.com/courses/phonics-advanced,200,200,https://tinystepslearning.com/courses/phonics-advanced,https://tinystepslearning.com/courses/phonics-advanced,"index, follow",Advanced Phonics | Tiny Steps,Advanced Phonics,656,35514,200 indexable canonical page,200:https://tinystepslearning.com/courses/phonics-advanced
sitemap-courses.xml,https://tinystepslearning.com/courses/basic-grammar,200,200,https://tinystepslearning.com/courses/basic-grammar,https://tinystepslearning.com/courses/basic-grammar,"index, follow",Beginner Grammar | Tiny Steps,Beginner Grammar,752,33628,200 indexable canonical page,200:https://tinystepslearning.com/courses/basic-grammar
sitemap-courses.xml,https://tinystepslearning.com/courses/advanced-grammar,200,200,https://tinystepslearning.com/courses/advanced-grammar,https://tinystepslearning.com/courses/advanced-grammar,"index, follow",Advanced Grammar | Tiny Steps,Advanced Grammar,785,36611,200 indexable canonical page,200:https://tinystepslearning.com/courses/advanced-grammar
sitemap-courses.xml,https://tinystepslearning.com/courses/basic-public-speaking,200,200,https://tinystepslearning.com/courses/basic-public-speaking,https://tinystepslearning.com/courses/basic-public-speaking,"index, follow",Public Speaking (Basic) | Tiny Steps,Public Speaking (Basic),780,36514,200 indexable canonical page,200:https://tinystepslearning.com/courses/basic-public-speaking
sitemap-courses.xml,https://tinystepslearning.com/courses/advanced-public-speaking,200,200,https://tinystepslearning.com/courses/advanced-public-speaking,https://tinystepslearning.com/courses/advanced-public-speaking,"index, follow",Public Speaking (Advanced) | Tiny Steps,Public Speaking (Advanced),739,36617,200 indexable canonical page,200:https://tinystepslearning.com/courses/advanced-public-speaking
sitemap-parents.xml,https://tinystepslearning.com/parents,200,200,https://tinystepslearning.com/parents,https://tinystepslearning.com/parents,"index, follow, max-snippet:-1, max-image-preview:large, max-video-preview:-1",Parents Hub | Tiny Steps Learning,"A premium parent help desk for phonics, reading, grammar, and speaking growth",1244,48713,200 indexable canonical page,200:https://tinystepslearning.com/parents
sitemap-parents.xml,https://tinystepslearning.com/parents/getting-started,200,200,https://tinystepslearning.com/parents/getting-started,https://tinystepslearning.com/parents/getting-started,"index, follow, max-snippet:-1, max-image-preview:large, max-video-preview:-1",Getting Started Guide | Parents Hub | Tiny Steps Learning,Getting Started with Tiny Steps,801,34393,200 indexable canonical page,200:https://tinystepslearning.com/parents/getting-started
sitemap-parents.xml,https://tinystepslearning.com/parents/choosing-course,200,200,https://tinystepslearning.com/parents/choosing-course,https://tinystepslearning.com/parents/choosing-course,"index, follow, max-snippet:-1, max-image-preview:large, max-video-preview:-1",Choosing the Right Course for Your Child | Parents Hub | Tiny Steps Learning,How to choose a course,449,25479,200 indexable canonical page,200:https://tinystepslearning.com/parents/choosing-course
sitemap-parents.xml,https://tinystepslearning.com/parents/scheduling,200,200,https://tinystepslearning.com/parents/scheduling,https://tinystepslearning.com/parents/scheduling,"index, follow, max-snippet:-1, max-image-preview:large, max-video-preview:-1",Scheduling Classes | Parents Hub | Tiny Steps Learning,Scheduling &amp; attendance,464,25299,200 indexable canonical page,200:https://tinystepslearning.com/parents/scheduling
sitemap-parents.xml,https://tinystepslearning.com/parents/payments,200,200,https://tinystepslearning.com/parents/payments,https://tinystepslearning.com/parents/payments,"index, follow, max-snippet:-1, max-image-preview:large, max-video-preview:-1",Payments &amp; Invoicing | Parents Hub | Tiny Steps Learning,Payments &amp; invoices,473,25380,200 indexable canonical page,200:https://tinystepslearning.com/parents/payments
sitemap-parents.xml,https://tinystepslearning.com/parents/tracking-progress,200,200,https://tinystepslearning.com/parents/tracking-progress,https://tinystepslearning.com/parents/tracking-progress,"index, follow, max-snippet:-1, max-image-preview:large, max-video-preview:-1",Tracking Your Child&#039;s Progress | Parents Hub | Tiny Steps Learning,Track your child's progress,473,27170,200 indexable canonical page,200:https://tinystepslearning.com/parents/tracking-progress
sitemap-parents.xml,https://tinystepslearning.com/parents/helping-with-homework,200,200,https://tinystepslearning.com/parents/helping-with-homework,https://tinystepslearning.com/parents/helping-with-homework,"index, follow, max-snippet:-1, max-image-preview:large, max-video-preview:-1",Helping with Homework | Parents Hub | Tiny Steps Learning,Helping with homework,546,28116,200 indexable canonical page,200:https://tinystepslearning.com/parents/helping-with-homework
sitemap-parents.xml,https://tinystepslearning.com/parents/phonics-mission,200,200,https://tinystepslearning.com/parents/phonics-mission,https://tinystepslearning.com/parents/phonics-mission,"index, follow, max-snippet:-1, max-image-preview:large, max-video-preview:-1",Phonics Mission Guide | Parents Hub | Tiny Steps Learning,Phonics Mission: A Research-Backed 7-Day Starter Plan for Parents,1673,47053,200 indexable canonical page,200:https://tinystepslearning.com/parents/phonics-mission
sitemap-parents.xml,https://tinystepslearning.com/parents/reading-at-home,200,200,https://tinystepslearning.com/parents/reading-at-home,https://tinystepslearning.com/parents/reading-at-home,"index, follow, max-snippet:-1, max-image-preview:large, max-video-preview:-1",Reading at Home | Parents Hub | Tiny Steps Learning,Reading at Home: Science-Backed Daily Routine,964,37325,200 indexable canonical page,200:https://tinystepslearning.com/parents/reading-at-home
sitemap-parents.xml,https://tinystepslearning.com/parents/speech-confidence,200,200,https://tinystepslearning.com/parents/speech-confidence,https://tinystepslearning.com/parents/speech-confidence,"index, follow, max-snippet:-1, max-image-preview:large, max-video-preview:-1",Building Speech Confidence | Parents Hub | Tiny Steps Learning,Building speaking confidence,456,25242,200 indexable canonical page,200:https://tinystepslearning.com/parents/speech-confidence
sitemap-parents.xml,https://tinystepslearning.com/parents/common-mistakes,200,200,https://tinystepslearning.com/parents/common-mistakes,https://tinystepslearning.com/parents/common-mistakes,"index, follow, max-snippet:-1, max-image-preview:large, max-video-preview:-1",Common Learning Mistakes | Parents Hub | Tiny Steps Learning,Common mistakes parents make,594,26516,200 indexable canonical page,200:https://tinystepslearning.com/parents/common-mistakes